db,person,area,party,votes
codefor,Q1039717,Q7813806,Q354239,1307
codefor,Q10856313,Q11586035,Q41040535,61541
codefor,Q1131407,Q9499044,Q232595,108747
codefor,Q1132836,Q11406378,Q232595,120075
codefor,Q1133136,Q11393144,Q232595,94205
codefor,Q1133192,Q11476527,Q232595,95513
codefor,Q1133194,Q11406377,Q232595,103919
codefor,Q1133360,Q11535301,Q232595,111167
codefor,Q1133880,Q7960863,Q232595,109488
codefor,Q11353993,Q11426791,Q232595,98443
codefor,Q11355593,Q11393157,Q21499745,41331
codefor,Q11355765,Q11589213,Q41040535,66057
codefor,Q1135729,Q11663243,Q41040535,137523
codefor,Q11357294,Q11589223,Q232595,74119
codefor,Q11359720,Q11589222,Q1061354,82788
codefor,Q11361823,Q5618873,Q41040535,36167
codefor,Q11364144,Q11589225,Q232595,70819
codefor,Q11364418,Q4356088,Q327591,107007
codefor,Q11365989,Q11403007,Q232595,104054
codefor,Q11367646,Q11393159,Q1061354,94116
codefor,Q11368259,Q7105540,Q21499745,66712
codefor,Q11368828,Q11589211,Q41040535,38162
codefor,Q11373203,Q11441208,Q21499745,66506
codefor,Q11373245,Q11592614,Q232595,97777
codefor,Q11373350,Q11654365,Q41040535,127542
codefor,Q11373460,Q11393146,Q41040535,59191
codefor,Q11373555,Q10343531,Q41532587,53480
codefor,Q11373633,Q11663238,Q232595,130857
codefor,Q11373778,Q11609702,Q232595,89219
codefor,Q11376392,Q7813763,Q41040535,69442
codefor,Q11376723,Q11471576,Q41040535,92370
codefor,Q11377131,Q11484887,Q21499745,23779
codefor,Q11377132,Q11494339,Q232595,96303
codefor,Q11377294,Q11403009,Q232595,113851
codefor,Q11378895,Q11441220,Q1061354,104052
codefor,Q11379447,Q11441202,Q21499745,61859
codefor,Q11379575,Q11403010,Q232595,95200
codefor,Q11382420,Q11525655,Q41040535,29743
codefor,Q11391317,Q11494338,Q232595,96978
codefor,Q11395120,Q11595528,Q232595,79442
codefor,Q11396609,Q11525653,Q41532587,71405
codefor,Q11397382,Q9498966,Q232595,101243
codefor,Q11399159,Q6958601,Q232595,97874
codefor,Q11400147,Q11663244,Q232595,108157
codefor,Q11400194,Q11589215,Q41040535,46284
codefor,Q11400372,Q11453780,Q232595,50496
codefor,Q11409844,Q11441223,Q232595,93475
codefor,Q11411691,Q11592618,Q232595,136499
codefor,Q11412937,Q11432908,Q835109,70858
codefor,Q11413102,Q11663243,Q232595,92467
codefor,Q11414054,Q11494342,Q41532587,57780
codefor,Q11422694,Q11552835,Q232595,54468
codefor,Q11422753,Q17221683,Q1061354,91514
codefor,Q11423241,Q11426789,Q232595,104500
codefor,Q11425971,Q11592612,Q41040535,80073
codefor,Q11425985,Q11663245,Q232595,129463
codefor,Q11427301,Q11469742,Q327591,67434
codefor,Q11428744,Q11484887,Q327591,61976
codefor,Q11431868,Q11393156,Q232595,93622
codefor,Q11434738,Q7496287,Q232595,84994
codefor,Q11435293,Q7034372,Q327591,79655
codefor,Q11437735,Q5983712,Q41040535,29547
codefor,Q11438832,Q11494340,Q41040535,116471
codefor,Q11438916,Q11525653,Q232595,84457
codefor,Q11438945,Q11494340,Q232595,109581
codefor,Q11439189,Q11535303,Q41040535,41438
codefor,Q11439619,Q11667408,Q232595,82125
codefor,Q11446165,Q11406390,Q41040535,76332
codefor,Q11450236,Q11494336,Q41040535,66560
codefor,Q11451405,Q11375292,Q232595,101977
codefor,Q11453336,Q11592620,Q232595,104726
codefor,Q11454107,Q11652769,Q41040535,61137
codefor,Q11454258,Q5618871,Q41040535,71569
codefor,Q11454333,Q11552836,Q232595,64193
codefor,Q11455005,Q11663241,Q232595,97923
codefor,Q11457846,Q11654368,Q41040535,40863
codefor,Q11458942,Q11525659,Q232595,110522
codefor,Q11459848,Q11663241,Q327591,81568
codefor,Q11460163,Q11484890,Q232595,69209
codefor,Q11461246,Q11654363,Q232595,85460
codefor,Q11461458,Q5771187,Q232595,110547
codefor,Q11461866,Q11445240,Q232595,90558
codefor,Q11461955,Q11406381,Q232595,108964
codefor,Q11462267,Q11663236,Q41040535,56086
codefor,Q11462582,Q11426787,Q327591,88290
codefor,Q11462766,Q11593331,Q41040535,67073
codefor,Q11462993,Q11525658,Q232595,88225
codefor,Q11463967,Q11426805,Q41040535,61501
codefor,Q11465449,Q5618871,Q232595,92641
codefor,Q11466071,Q11472351,Q232595,73150
codefor,Q11466235,Q11676837,Q21499745,26895
codefor,Q11466249,Q11375292,Q41040535,100338
codefor,Q11466402,Q11592618,Q41532587,94772
codefor,Q11467778,Q11494352,Q327591,128163
codefor,Q11467842,Q9499044,Q41040535,88320
codefor,Q11468895,Q11592614,Q41532587,51063
codefor,Q11469130,Q11589219,Q232595,55700
codefor,Q11470238,Q11406386,Q41532587,62894
codefor,Q11470608,Q7813806,Q232595,93234
codefor,Q11470671,Q11393157,Q232595,95558
codefor,Q11470885,Q10343462,Q41532587,91073
codefor,Q11472782,Q11406383,Q41532587,52018
codefor,Q11475456,Q7398896,Q232595,78972
codefor,Q11475894,Q11417481,Q41040535,72517
codefor,Q11477350,Q11375290,Q41040535,36134
codefor,Q11479573,Q11494348,Q232595,76446
codefor,Q11488572,Q11589210,Q41040535,96128
codefor,Q11496954,Q11102988,Q41532587,99182
codefor,Q11500159,Q11591499,Q41040535,55537
codefor,Q11513088,Q11589207,Q232595,83924
codefor,Q11515287,Q11654371,Q327591,48588
codefor,Q11518048,Q11441222,Q21499745,57187
codefor,Q11518159,Q11654365,Q232595,74722
codefor,Q11518163,Q7813822,Q41040535,41175
codefor,Q11518220,Q11568324,Q232595,123431
codefor,Q11518222,Q11525656,Q232595,107686
codefor,Q11519999,Q11403007,Q41532587,90619
codefor,Q11520430,Q11589209,Q41040535,94348
codefor,Q11522062,Q11494336,Q21499745,44258
codefor,Q11522739,Q11441220,Q41532587,66536
codefor,Q11523004,Q11426793,Q232595,106699
codefor,Q11523193,Q11595531,Q41040535,93746
codefor,Q11533657,Q11535297,Q41040535,51122
codefor,Q11534806,Q11456548,Q41040535,62066
codefor,Q11535033,Q11525652,Q41040535,70325
codefor,Q11536382,Q11494341,Q232595,95568
codefor,Q11537927,Q11493674,Q41040535,56781
codefor,Q11538822,Q11393154,Q41040535,69369
codefor,Q11539493,Q11441207,Q41532587,65780
codefor,Q11539787,Q4696552,Q41040535,75069
codefor,Q11542202,Q11406378,Q41040535,36571
codefor,Q11543692,Q11472354,Q41040535,26901
codefor,Q11544282,Q11456548,Q232595,140803
codefor,Q11544691,Q11406383,Q41040535,22962
codefor,Q11545768,Q11454477,Q232595,94780
codefor,Q11546026,Q11564692,Q232595,78724
codefor,Q11546586,Q11403001,Q232595,97113
codefor,Q11547421,Q11552837,Q232595,66527
codefor,Q11549401,Q11406379,Q41040535,31887
codefor,Q11551703,Q11494346,Q232595,76220
codefor,Q11553342,Q11484887,Q232595,82998
codefor,Q11554229,Q11592620,Q21499745,51426
codefor,Q1155448,Q11441202,Q327591,76144
codefor,Q11555503,Q11406389,Q41040535,29706
codefor,Q11556075,Q4778663,Q232595,103177
codefor,Q11558377,Q11441205,Q21499745,74368
codefor,Q11560960,Q11441214,Q641600,36825
codefor,Q11561908,Q7105541,Q232595,82337
codefor,Q11562133,Q11406387,Q232595,76323
codefor,Q11563479,Q11674598,Q41040535,53312
codefor,Q11566681,Q11667406,Q232595,59949
codefor,Q11568677,Q11494342,Q232595,74298
codefor,Q11570409,Q11589212,Q232595,117003
codefor,Q11572466,Q11552837,Q327591,95517
codefor,Q11572647,Q11667406,Q41040535,82345
codefor,Q11574554,Q11406387,Q41532587,65281
codefor,Q11576787,Q11617501,Q232595,100875
codefor,Q11577021,Q11525653,Q41040535,50568
codefor,Q11577186,Q11494344,Q232595,71600
codefor,Q11577205,Q11456543,Q232595,74876
codefor,Q11577481,Q11445241,Q232595,122341
codefor,Q11578483,Q11474791,Q41040535,98842
codefor,Q11578505,Q6360240,Q641600,49305
codefor,Q11578596,Q11393157,Q41040535,41219
codefor,Q11580199,Q11493673,Q41040535,70978
codefor,Q11580448,Q11406379,Q232595,93081
codefor,Q11583883,Q11568330,Q41532587,89279
codefor,Q11585604,Q11503150,Q232595,113045
codefor,Q11585840,Q11617507,Q232595,61450
codefor,Q11586782,Q11617503,Q41040535,57098
codefor,Q11589528,Q11426803,Q232595,90841
codefor,Q11589542,Q11589212,Q41040535,83407
codefor,Q11590601,Q4696554,Q232595,72651
codefor,Q11593023,Q11617501,Q41040535,82835
codefor,Q11596567,Q11592616,Q41040535,100938
codefor,Q11596723,Q11402999,Q1061354,96795
codefor,Q11597257,Q11432906,Q232595,90422
codefor,Q11597430,Q11484889,Q21499745,28562
codefor,Q11602573,Q11609704,Q232595,83446
codefor,Q11603860,Q56855,Q232595,74371
codefor,Q11606064,Q11503151,Q232595,81705
codefor,Q11609955,Q11589210,Q232595,110508
codefor,Q1161024,Q11589211,Q232595,159647
codefor,Q11614128,Q5878053,Q232595,120987
codefor,Q11616618,Q7813802,Q41040535,57901
codefor,Q11619136,Q11102990,Q232595,122279
codefor,Q11619261,Q11593331,Q232595,68282
codefor,Q11620603,Q11484889,Q327591,7210
codefor,Q11622647,Q11592624,Q232595,91477
codefor,Q11622818,Q11393152,Q232595,120189
codefor,Q11623218,Q11474793,Q232595,96571
codefor,Q11624750,Q11357847,Q41040535,68978
codefor,Q11627955,Q11493670,Q21499745,33894
codefor,Q11629761,Q11441203,Q327591,23584
codefor,Q11629931,Q11552839,Q232595,82199
codefor,Q11633044,Q11406376,Q41040535,65256
codefor,Q11634137,Q11426798,Q327591,21614
codefor,Q11637002,Q11441223,Q21499745,91438
codefor,Q11638274,Q7813811,Q232595,112993
codefor,Q11638747,Q11586036,Q41040535,78306
codefor,Q11642258,Q11441209,Q21499745,87070
codefor,Q11644760,Q11494337,Q327591,149587
codefor,Q11644934,Q4696554,Q41040535,32179
codefor,Q11645002,Q11426788,Q232595,86499
codefor,Q11646016,Q11568327,Q232595,86027
codefor,Q11646177,Q6346640,Q41040535,90240
codefor,Q11646784,Q11503156,Q232595,87524
codefor,Q11647123,Q11441212,Q21499745,68844
codefor,Q11647681,Q11595529,Q232595,74835
codefor,Q11648868,Q11468571,Q232595,109949
codefor,Q11649031,Q11494352,Q232595,127329
codefor,Q11649189,Q11426791,Q41040535,62733
codefor,Q11651021,Q11453776,Q327591,110243
codefor,Q11651619,Q11494354,Q232595,104419
codefor,Q11651845,Q11441204,Q232595,79352
codefor,Q11652221,Q6360246,Q41040535,34433
codefor,Q11653978,Q11406380,Q21499745,15014
codefor,Q11654965,Q11417481,Q232595,57111
codefor,Q11656652,Q11471575,Q41040535,68404
codefor,Q11657599,Q11471577,Q41040535,57982
codefor,Q11657813,Q11468573,Q41040535,81708
codefor,Q11661236,Q11494337,Q232595,104811
codefor,Q11661965,Q11589222,Q41532587,86291
codefor,Q11667848,Q11441206,Q21499745,65427
codefor,Q11668691,Q11472349,Q41532587,56757
codefor,Q11670038,Q11403004,Q232595,118961
codefor,Q11671375,Q49876,Q232595,57381
codefor,Q11671542,Q11403007,Q41040535,31941
codefor,Q11673487,Q11592616,Q232595,109098
codefor,Q11677736,Q7402528,Q232595,95093
codefor,Q11678114,Q11503154,Q327591,95644
codefor,Q11679075,Q11406389,Q232595,115731
codefor,Q1207174,Q11617503,Q232595,104183
codefor,Q122465,Q6360252,Q232595,123218
codefor,Q1315762,Q10959517,Q232595,109381
codefor,Q132280,Q6452102,Q327591,65480
codefor,Q132345,Q11467112,Q232595,104825
codefor,Q132596,Q5507680,Q232595,135334
codefor,Q1335527,Q7828499,Q232595,106425
codefor,Q1336805,Q10343508,Q41040535,94380
codefor,Q1340817,Q11471573,Q232595,117278
codefor,Q1478311,Q11403004,Q41532587,141680
codefor,Q15220933,Q11484889,Q232595,64911
codefor,Q152728,Q7496287,Q327591,79724
codefor,Q1620229,Q7034372,Q232595,91855
codefor,Q16263623,Q11406390,Q232595,92180
codefor,Q1654408,Q11591498,Q232595,116969
codefor,Q1654639,Q11432909,Q232595,99412
codefor,Q1655220,Q11102981,Q232595,104612
codefor,Q1655453,Q11535303,Q232595,89403
codefor,Q1655755,Q11403000,Q232595,82096
codefor,Q1656878,Q11357843,Q232595,109584
codefor,Q1656896,Q11456545,Q232595,94086
codefor,Q16769971,Q11406380,Q232595,82838
codefor,Q16770033,Q11676838,Q232595,97743
codefor,Q1689655,Q11357845,Q232595,104780
codefor,Q1704924,Q11593328,Q232595,96892
codefor,Q1704969,Q11471577,Q232595,92113
codefor,Q1705028,Q6965225,Q232595,124508
codefor,Q17158474,Q11426787,Q327591,50046
codefor,Q17158549,Q11503154,Q232595,95594
codefor,Q17158714,Q11426786,Q41040535,66106
codefor,Q17158871,Q6080258,Q232595,118421
codefor,Q17159494,Q6843509,Q232595,63406
codefor,Q17160872,Q11375291,Q232595,83286
codefor,Q17219387,Q11592623,Q232595,131244
codefor,Q17223599,Q11357843,Q327591,94045
codefor,Q1724004,Q11552836,Q835109,92143
codefor,Q1737907,Q11589219,Q327591,51495
codefor,Q1761759,Q11552835,Q21499745,34215
codefor,Q18458881,Q11663246,Q41040535,78524
codefor,Q18669603,Q11525648,Q641600,83544
codefor,Q18700742,Q11426792,Q641600,39497
codefor,Q18700919,Q7813818,Q41532587,100400
codefor,Q18701018,Q11468573,Q232595,103973
codefor,Q18817567,Q11406379,Q641600,20679
codefor,Q18817798,Q11592612,Q641600,30792
codefor,Q18817877,Q11552839,Q327591,75887
codefor,Q18818101,Q11393159,Q641600,53964
codefor,Q18818124,Q11592625,Q641600,29635
codefor,Q18818128,Q4778663,Q41040535,64173
codefor,Q18818200,Q11525656,Q641600,57741
codefor,Q18818207,Q11441203,Q232595,74662
codefor,Q18818315,Q11493670,Q41040535,21044
codefor,Q1906668,Q11357845,Q327591,122518
codefor,Q1949760,Q11494344,Q41040535,99520
codefor,Q1965622,Q11406386,Q232595,107299
codefor,Q1995125,Q11467109,Q232595,113012
codefor,Q20039047,Q7105539,Q232595,56483
codefor,Q20039110,Q11441208,Q232595,67748
codefor,Q20039172,Q11441206,Q232595,58534
codefor,Q20039502,Q11441209,Q232595,80198
codefor,Q20039675,Q6452106,Q232595,56534
codefor,Q20040516,Q6360246,Q41532587,78019
codefor,Q20040828,Q7813802,Q232595,91146
codefor,Q20041303,Q7105540,Q232595,57833
codefor,Q212400,Q11453780,Q327591,89423
codefor,Q21655857,Q11456543,Q21499745,38219
codefor,Q21701087,Q6452111,Q327591,30665
codefor,Q23907516,Q5878048,Q232595,142687
codefor,Q2394829,Q7813811,Q41040535,41955
codefor,Q2484652,Q11476528,Q232595,123332
codefor,Q2506910,Q5618873,Q232595,93262
codefor,Q2576940,Q11384769,Q232595,99103
codefor,Q2576975,Q11525655,Q41532587,90540
codefor,Q263777,Q10343578,Q41532587,117118
codefor,Q265174,Q376715,Q232595,71614
codefor,Q276275,Q11663236,Q232595,96500
codefor,Q3136350,Q11586035,Q232595,112168
codefor,Q337406,Q11525648,Q1061354,112597
codefor,Q337762,Q11676841,Q232595,128112
codefor,Q3435725,Q11535300,Q327591,75031
codefor,Q3482658,Q11474791,Q232595,129884
codefor,Q3547232,Q11432909,Q41532587,84133
codefor,Q359480,Q11484884,Q232595,113239
codefor,Q360395,Q11493668,Q232595,112930
codefor,Q369170,Q7813818,Q41040535,42862
codefor,Q370385,Q11494342,Q41040535,48633
codefor,Q382311,Q11467111,Q232595,103173
codefor,Q388496,Q11445240,Q41040535,88082
codefor,Q405527,Q11432908,Q232595,89944
codefor,Q405533,Q7105539,Q41532587,75788
codefor,Q41618899,Q11402999,Q41532587,96282
codefor,Q41693423,Q6452111,Q41040535,19586
codefor,Q41693816,Q11525651,Q41040535,63235
codefor,Q41693822,Q10343531,Q41040535,35352
codefor,Q41698739,Q11589207,Q41040535,29852
codefor,Q41767957,Q6452106,Q641600,26420
codefor,Q41768312,Q6452106,Q21499745,16511
codefor,Q41768409,Q11375291,Q641600,38219
codefor,Q41768435,Q11375291,Q354239,3606
codefor,Q41768440,Q11403000,Q41532587,98214
codefor,Q41768440,Q5878130,Q41532587,
codefor,Q41769795,Q7813802,Q41532587,70168
codefor,Q41769890,Q7813802,Q641600,20828
codefor,Q41769891,Q7813802,Q354239,1744
codefor,Q41769946,Q11102981,Q641600,25426
codefor,Q41769947,Q11102981,Q41532587,60291
codefor,Q41769948,Q11525650,Q641600,30807
codefor,Q41769950,Q11525650,Q41532587,67070
codefor,Q41769951,Q11525651,Q641600,46600
codefor,Q41769952,Q11525651,Q354239,4282
codefor,Q41769955,Q11525652,Q641600,34943
codefor,Q41770033,Q11525652,Q327591,15667
codefor,Q41770036,Q11525654,Q641600,43138
codefor,Q41770041,Q11525655,Q641600,17377
codefor,Q41770043,Q7813806,Q354239,3806
codefor,Q41770226,Q10343462,Q641600,22859
codefor,Q41770228,Q11525656,Q41040535,50439
codefor,Q41770229,Q11525659,Q641600,58929
codefor,Q41770230,Q11525659,Q41040535,76450
codefor,Q41770231,Q11525660,Q641600,24349
codefor,Q41770233,Q11525660,Q41532587,61441
codefor,Q41770235,Q10971927,Q641600,21031
codefor,Q41770236,Q10971927,Q41532587,44884
codefor,Q41770239,Q7813811,Q41532587,91230
codefor,Q41770450,Q10343508,Q641600,45088
codefor,Q41770452,Q10343531,Q641600,26037
codefor,Q41770457,Q7813818,Q354239,4307
codefor,Q41770460,Q7813822,Q641600,22399
codefor,Q41770463,Q7813822,Q41532587,76283
codefor,Q41770465,Q11102990,Q641600,57439
codefor,Q41770566,Q11403001,Q641600,23830
codefor,Q41770567,Q11403001,Q41040535,58422
codefor,Q41770570,Q5878053,Q41532587,139110
codefor,Q41770571,Q9498886,Q641600,52626
codefor,Q41770572,Q9498886,Q21499745,21643
codefor,Q41770577,Q5878048,Q354239,7632
codefor,Q41770579,Q5878048,Q41532587,135948
codefor,Q41770581,Q11403010,Q641600,47740
codefor,Q41770583,Q9499044,Q641600,35543
codefor,Q41770584,Q4778663,Q641600,20497
codefor,Q41770585,Q11662287,Q641600,19004
codefor,Q41770587,Q11662287,Q41040535,56011
codefor,Q41770589,Q11662288,Q641600,16510
codefor,Q41770590,Q11662288,Q354239,4115
codefor,Q41770593,Q11662288,Q41040535,51096
codefor,Q41770594,Q11662288,Q232595,128740
codefor,Q41770595,Q49876,Q641600,21549
codefor,Q41770601,Q11453772,Q354239,2413
codefor,Q41770602,Q11453772,Q41532587,78704
codefor,Q41770603,Q11453772,Q21499745,10001
codefor,Q41770605,Q11453778,Q641600,20469
codefor,Q41770606,Q11453778,Q41040535,40670
codefor,Q41770609,Q11453779,Q41040535,34424
codefor,Q41770610,Q11453781,Q641600,20638
codefor,Q41770611,Q11595528,Q641600,14584
codefor,Q41770613,Q11595529,Q641600,13642
codefor,Q41770614,Q11595529,Q41040535,73163
codefor,Q41770615,Q8047616,Q641600,15354
codefor,Q41770616,Q8047616,Q41040535,62407
codefor,Q41770618,Q11468571,Q641600,10923
codefor,Q41770619,Q11468573,Q641600,11241
codefor,Q41770620,Q11468573,Q354239,2329
codefor,Q41770622,Q11593328,Q641600,18279
codefor,Q41770623,Q11593328,Q41040535,59377
codefor,Q41770624,Q5507720,Q641600,11196
codefor,Q41770625,Q5507720,Q232595,60006
codefor,Q41770626,Q11593331,Q641600,9492
codefor,Q41770628,Q11593331,Q835109,8063
codefor,Q41770630,Q11593333,Q641600,16154
codefor,Q41770631,Q11593333,Q835109,7186
codefor,Q41770632,Q11617501,Q641600,22034
codefor,Q41770634,Q11617501,Q354239,2564
codefor,Q41770635,Q11617503,Q641600,14675
codefor,Q41770636,Q11617504,Q641600,34112
codefor,Q41770639,Q5983712,Q641600,12548
codefor,Q41770640,Q11617507,Q641600,10027
codefor,Q41770642,Q11617507,Q41040535,56098
codefor,Q41770643,Q11617508,Q641600,24227
codefor,Q41770646,Q11617508,Q41040535,96987
codefor,Q41770647,Q11617508,Q232595,102820
codefor,Q41770649,Q11617509,Q641600,18308
codefor,Q41770650,Q11535297,Q641600,16463
codefor,Q41770651,Q11535297,Q327591,33681
codefor,Q41770653,Q56855,Q641600,9990
codefor,Q41770655,Q56855,Q354239,1561
codefor,Q41770656,Q11535301,Q641600,16741
codefor,Q41770657,Q11535301,Q41040535,76294
codefor,Q41770658,Q11535303,Q641600,13485
codefor,Q41770659,Q5618871,Q641600,25818
codefor,Q41770662,Q11609702,Q641600,21908
codefor,Q41770664,Q11609704,Q41532587,67456
codefor,Q41770665,Q5618873,Q641600,24006
codefor,Q41770666,Q11609705,Q641600,14935
codefor,Q41770667,Q11609705,Q835109,14008
codefor,Q41770669,Q11426787,Q641600,24624
codefor,Q41770670,Q11426788,Q641600,19878
codefor,Q41770671,Q11426788,Q41040535,86007
codefor,Q41770673,Q11426787,Q41040535,27387
codefor,Q41770675,Q11426789,Q835109,36755
codefor,Q41770677,Q11426791,Q641600,32017
codefor,Q41770678,Q11426791,Q21499745,13926
codefor,Q41770679,Q11426793,Q641600,33593
codefor,Q41770680,Q11426795,Q641600,34846
codefor,Q41770682,Q11426795,Q41040535,64783
codefor,Q41770685,Q7402528,Q354239,2009
codefor,Q41770686,Q7402528,Q41532587,73250
codefor,Q41770687,Q11426798,Q641600,29125
codefor,Q41770688,Q11426798,Q41040535,50165
codefor,Q41770689,Q11426798,Q21499745,23362
codefor,Q41770690,Q11426798,Q232595,74287
codefor,Q41770692,Q11426801,Q641600,29020
codefor,Q41770694,Q11426803,Q641600,36830
codefor,Q41770695,Q11426805,Q641600,33204
codefor,Q41770696,Q11426804,Q641600,40822
codefor,Q41770697,Q11426804,Q41040535,57599
codefor,Q41770698,Q11406376,Q641600,12758
codefor,Q41770700,Q11406377,Q641600,23968
codefor,Q41770702,Q11406377,Q41040535,45345
codefor,Q41770703,Q11406378,Q641600,22182
codefor,Q41770705,Q11406378,Q835109,10713
codefor,Q41770706,Q11406379,Q41532587,57431
codefor,Q41770708,Q11406380,Q641600,24231
codefor,Q41770709,Q11406381,Q641600,16491
codefor,Q41770711,Q11406381,Q41532587,54035
codefor,Q41770712,Q11406381,Q21499745,14885
codefor,Q41770714,Q5095299,Q641600,14955
codefor,Q41770715,Q5095299,Q232595,61804
codefor,Q41770719,Q11406387,Q21499745,10145
codefor,Q41770721,Q11406389,Q641600,15025
codefor,Q41770722,Q11406389,Q41532587,51776
codefor,Q41770723,Q11406388,Q641600,33752
codefor,Q41770724,Q11406390,Q641600,28488
codefor,Q41770725,Q6360240,Q41040535,58053
codefor,Q41770726,Q6360245,Q641600,21874
codefor,Q41770727,Q6360245,Q354239,3133
codefor,Q41770729,Q11589208,Q641600,36627
codefor,Q41770730,Q11589208,Q41040535,62779
codefor,Q41770731,Q11589209,Q641600,27640
codefor,Q41770734,Q11589211,Q835109,38242
codefor,Q41770735,Q11589210,Q641600,28927
codefor,Q41770737,Q11589212,Q641600,27798
codefor,Q41770740,Q6360252,Q641600,16699
codefor,Q41770741,Q6360252,Q41532587,47191
codefor,Q41770742,Q11589215,Q641600,23476
codefor,Q41770743,Q11589215,Q354239,4177
codefor,Q41770746,Q11589219,Q41532587,67020
codefor,Q41770747,Q11589221,Q641600,45497
codefor,Q41770750,Q11589222,Q21499745,24424
codefor,Q41770751,Q11589213,Q641600,40252
codefor,Q41770753,Q11589224,Q41532587,87819
codefor,Q41770754,Q11589223,Q641600,21241
codefor,Q41770755,Q11589225,Q641600,32290
codefor,Q41770763,Q11503151,Q641600,10055
codefor,Q41770766,Q7034372,Q354239,5735
codefor,Q41770770,Q11503158,Q327591,92080
codefor,Q41770773,Q11456545,Q835109,32348
codefor,Q41770774,Q11456548,Q641600,17576
codefor,Q41770775,Q11456543,Q641600,13471
codefor,Q41770776,Q11586035,Q641600,16152
codefor,Q41770779,Q6080258,Q641600,9920
codefor,Q41770780,Q6080258,Q354239,3472
codefor,Q41770781,Q6080258,Q41040535,58164
codefor,Q41770782,Q11586036,Q641600,5212
codefor,Q41770784,Q11586036,Q232595,80416
codefor,Q41770785,Q11591498,Q641600,22931
codefor,Q41770788,Q11591498,Q41040535,64086
codefor,Q41770789,Q11591499,Q641600,12873
codefor,Q41770791,Q4356088,Q641600,21320
codefor,Q41770792,Q4356088,Q354239,7119
codefor,Q41770793,Q11469742,Q641600,5414
codefor,Q41770795,Q11469742,Q41532587,22684
codefor,Q41770800,Q11654363,Q21499745,22817
codefor,Q41770804,Q11654364,Q21499745,34073
codefor,Q41770805,Q11654365,Q641600,34462
codefor,Q41770806,Q11654365,Q354239,3687
codefor,Q41770808,Q11654368,Q641600,40898
codefor,Q41770813,Q11654371,Q41040535,43425
codefor,Q41770814,Q11471571,Q354239,5124
codefor,Q41770815,Q11663236,Q641600,14732
codefor,Q41770816,Q11663245,Q41040535,29905
codefor,Q41770817,Q11663236,Q41532587,38531
codefor,Q41770818,Q11663238,Q641600,22173
codefor,Q41770820,Q11663238,Q41040535,75771
codefor,Q41770822,Q11663243,Q641600,20750
codefor,Q41770824,Q11663244,Q641600,19455
codefor,Q41770826,Q11663245,Q641600,10980
codefor,Q41770828,Q11663246,Q641600,19645
codefor,Q41770830,Q11494336,Q641600,27044
codefor,Q41770834,Q11494337,Q641600,14378
codefor,Q41770835,Q11494340,Q641600,19589
codefor,Q41770837,Q11494339,Q641600,16969
codefor,Q41770839,Q11494339,Q41040535,60955
codefor,Q41770844,Q11494341,Q41040535,77224
codefor,Q41770846,Q4696552,Q835109,12764
codefor,Q41770847,Q11494344,Q641600,27423
codefor,Q41770848,Q11469742,Q41040535,9719
codefor,Q41770850,Q4696552,Q641600,23499
codefor,Q41770851,Q11494353,Q641600,19931
codefor,Q41770852,Q11494354,Q641600,25489
codefor,Q41770856,Q6843509,Q641600,11864
codefor,Q41770857,Q6843509,Q354239,6353
codefor,Q41770859,Q11357847,Q641600,15724
codefor,Q41770863,Q11564691,Q354239,2576
codefor,Q41770864,Q11564692,Q641600,15502
codefor,Q41770866,Q11564692,Q41040535,48018
codefor,Q41770867,Q11564693,Q641600,22896
codefor,Q41770869,Q11564693,Q232595,80114
codefor,Q41770872,Q6452111,Q641600,21234
codefor,Q41770873,Q6452111,Q232595,60277
codefor,Q41770875,Q6452111,Q327591,7464
codefor,Q41770877,Q11375292,Q641600,34998
codefor,Q41770880,Q376715,Q641600,22858
codefor,Q41770882,Q376715,Q21499745,64530
codefor,Q41770883,Q6360245,Q41040535,18583
codefor,Q41770884,Q11441203,Q641600,16399
codefor,Q41770885,Q11441203,Q41532587,14568
codefor,Q41770886,Q11441204,Q641600,36102
codefor,Q41770887,Q11441205,Q641600,30733
codefor,Q41770889,Q11441206,Q641600,26337
codefor,Q41770890,Q11441209,Q641600,29164
codefor,Q41770892,Q11393158,Q41040535,30937
codefor,Q41770893,Q7105540,Q641600,18373
codefor,Q41770894,Q11441208,Q641600,14498
codefor,Q41770896,Q11441208,Q41532587,26140
codefor,Q41770898,Q11441213,Q641600,54958
codefor,Q41770900,Q11441214,Q21499745,72446
codefor,Q41770901,Q17221683,Q641600,31429
codefor,Q41770903,Q17221683,Q354239,9522
codefor,Q41770904,Q17221683,Q41532587,45313
codefor,Q41770906,Q7105541,Q641600,39602
codefor,Q41770908,Q7105541,Q21499745,66780
codefor,Q41770909,Q11441222,Q641600,15197
codefor,Q41770911,Q11441222,Q41532587,31197
codefor,Q41770915,Q11393144,Q641600,24885
codefor,Q41770918,Q11393145,Q641600,19756
codefor,Q41770920,Q11393145,Q41040535,38388
codefor,Q41770922,Q11393148,Q641600,39502
codefor,Q41770924,Q11393148,Q327591,41238
codefor,Q41770925,Q11393149,Q641600,23762
codefor,Q41770926,Q11393149,Q41040535,28852
codefor,Q41770927,Q11393152,Q641600,23513
codefor,Q41770929,Q11393152,Q327591,26635
codefor,Q41770931,Q11393156,Q41532587,69878
codefor,Q41770933,Q11393157,Q641600,36627
codefor,Q41770936,Q11393158,Q327591,22497
codefor,Q41770938,Q11445240,Q641600,21782
codefor,Q41770939,Q11445240,Q21499745,21484
codefor,Q41770941,Q6965225,Q641600,30356
codefor,Q41770942,Q11445241,Q641600,20469
codefor,Q41770943,Q11417481,Q641600,14372
codefor,Q41770945,Q11417484,Q641600,16520
codefor,Q41770946,Q11417484,Q41040535,21395
codefor,Q41770948,Q7960863,Q641600,40608
codefor,Q41770949,Q7828499,Q641600,20829
codefor,Q41770951,Q11674598,Q641600,10271
codefor,Q41770953,Q11476528,Q835109,35576
codefor,Q41770956,Q11476528,Q641600,22938
codefor,Q41770959,Q11472351,Q641600,13518
codefor,Q41770960,Q11472351,Q354239,1793
codefor,Q41770961,Q11472353,Q641600,15424
codefor,Q41770962,Q7081866,Q641600,13907
codefor,Q41770963,Q11472354,Q641600,13649
codefor,Q41770965,Q11484884,Q641600,32011
codefor,Q41770967,Q11484886,Q641600,16393
codefor,Q41770968,Q11484886,Q354239,2403
codefor,Q41770969,Q11484886,Q21499745,18128
codefor,Q41770971,Q11484887,Q354239,2720
codefor,Q41770972,Q11484889,Q641600,10884
codefor,Q41770973,Q11484889,Q327591,20366
codefor,Q41770974,Q11484891,Q641600,14356
codefor,Q41770976,Q5771187,Q641600,17384
codefor,Q41770978,Q5771187,Q41040535,54898
codefor,Q41770979,Q11467107,Q641600,17924
codefor,Q41770980,Q11467107,Q354239,5070
codefor,Q41770981,Q11467107,Q41040535,36582
codefor,Q41770983,Q11467109,Q641600,40051
codefor,Q41770986,Q11467112,Q641600,13721
codefor,Q41770988,Q7813763,Q641600,15622
codefor,Q41770989,Q11489990,Q641600,25726
codefor,Q41770991,Q11489990,Q354239,7671
codefor,Q41770992,Q11667406,Q641600,6098
codefor,Q41770994,Q11667408,Q835109,36735
codefor,Q41770995,Q11493668,Q641600,18675
codefor,Q41770996,Q11493668,Q41040535,42600
codefor,Q41770998,Q11493670,Q641600,10525
codefor,Q41770999,Q11493673,Q641600,6226
codefor,Q41771001,Q11493673,Q354239,2641
codefor,Q41771003,Q11493673,Q232595,53910
codefor,Q41771004,Q11672488,Q641600,25542
codefor,Q41771005,Q11672488,Q41040535,45190
codefor,Q41771007,Q11592613,Q41040535,42335
codefor,Q41771008,Q11592613,Q835109,22822
codefor,Q41771009,Q11592614,Q641600,14158
codefor,Q41771010,Q11592616,Q641600,17594
codefor,Q41771012,Q11592620,Q641600,32340
codefor,Q41771013,Q11592622,Q641600,24715
codefor,Q41771014,Q11592623,Q641600,17451
codefor,Q41771016,Q11592623,Q354239,6093
codefor,Q41771018,Q11592623,Q327591,43175
codefor,Q41771019,Q11592624,Q641600,19953
codefor,Q41771020,Q11592624,Q41040535,48190
codefor,Q41771021,Q5507680,Q641600,52027
codefor,Q41771024,Q7398896,Q354239,5086
codefor,Q41771025,Q11384769,Q641600,7920
codefor,Q41771026,Q6958596,Q641600,16011
codefor,Q41771028,Q6958596,Q41040535,90569
codefor,Q41771029,Q6958601,Q641600,15261
codefor,Q41771031,Q251994,Q641600,12638
codefor,Q41771033,Q251994,Q41040535,35554
codefor,Q41771035,Q11652769,Q641600,10459
codefor,Q41771036,Q11568327,Q354239,6495
codefor,Q41771037,Q11568327,Q327591,62575
codefor,Q41771038,Q11568327,Q835109,26074
codefor,Q41771040,Q11568329,Q641600,46392
codefor,Q41771042,Q11432906,Q641600,17082
codefor,Q41771044,Q11432908,Q354239,8033
codefor,Q41771045,Q11454477,Q641600,19937
codefor,Q41771046,Q11454479,Q641600,29831
codefor,Q41771047,Q11454479,Q354239,12757
codefor,Q41771049,Q11454481,Q641600,14942
codefor,Q41771051,Q11676837,Q327591,5066
codefor,Q41771052,Q11676838,Q641600,16280
codefor,Q41771054,Q6346640,Q641600,10605
codefor,Q41771055,Q11676841,Q835109,52891
codefor,Q41771057,Q11552835,Q354239,2594
codefor,Q41771058,Q11552837,Q354239,3031
codefor,Q41771060,Q11552839,Q354239,4650
codefor,Q41771061,Q11663245,Q41532587,26383
codefor,Q41771063,Q11467111,Q41532587,41497
codefor,Q41777897,Q11426793,Q21499745,11577
codefor,Q41777898,Q11593328,Q21499745,9685
codefor,Q41777900,Q11426792,Q21499745,15014
codefor,Q41777902,Q5095299,Q21499745,12104
codefor,Q41777904,Q11393149,Q21499745,26280
codefor,Q41777909,Q251994,Q21499745,8469
codefor,Q41777912,Q11417484,Q21499745,16175
codefor,Q41777915,Q7402528,Q21499745,10864
codefor,Q41777916,Q11441203,Q21499745,52033
codefor,Q41777917,Q11467107,Q232595,133221
codefor,Q41777971,Q11525658,Q835109,38195
codefor,Q41794089,Q11471571,Q327591,43688
codefor,Q41794090,Q11471573,Q641600,38270
codefor,Q41794091,Q11471575,Q641600,28093
codefor,Q41794095,Q11471577,Q641600,20318
codefor,Q41794096,Q11471576,Q232595,107473
codefor,Q41794100,Q6452102,Q641600,28600
codefor,Q41794101,Q6452102,Q232595,40336
codefor,Q41805155,Q11503154,Q327591,3375
codefor,Q41805158,Q11494338,Q641600,18685
codefor,Q41805160,Q7402528,Q41040535,29867
codefor,Q41805161,Q11484889,Q41040535,16803
codefor,Q41805165,Q11654364,Q835109,41274
codefor,Q41805166,Q11525648,Q354239,21892
codefor,Q41805169,Q11441213,Q327591,16231
codefor,Q41805175,Q10343578,Q327591,3850
codefor,Q41805177,Q56855,Q41040535,42820
codefor,Q41805181,Q11494346,Q41040535,35611
codefor,Q41805182,Q11676837,Q232595,74831
codefor,Q41805183,Q11595531,Q641600,11274
codefor,Q41805187,Q7813807,Q41040535,45081
codefor,Q41805188,Q11426800,Q41040535,11379
codefor,Q41805193,Q11494348,Q641600,29885
codefor,Q41805194,Q11525651,Q327591,3607
codefor,Q41805198,Q11589221,Q41040535,67085
codefor,Q41805200,Q10343462,Q41040535,30236
codefor,Q41805201,Q6965225,Q41040535,52384
codefor,Q41805203,Q7813822,Q354239,2931
codefor,Q41805206,Q11453779,Q641600,17688
codefor,Q41805207,Q7402528,Q327591,2040
codefor,Q41805210,Q7813802,Q327591,2107
codefor,Q41805211,Q11493674,Q641600,10748
codefor,Q41805214,Q11609705,Q41040535,30127
codefor,Q41805215,Q11564691,Q327591,11073
codefor,Q41805219,Q7813806,Q354239,1570
codefor,Q41805221,Q11589215,Q327591,26314
codefor,Q41805222,Q11406386,Q41040535,40115
codefor,Q41805223,Q11471576,Q641600,18634
codefor,Q41805226,Q11589223,Q354239,5518
codefor,Q41805227,Q11393144,Q41040535,38072
codefor,Q41805230,Q11592614,Q41040535,35870
codefor,Q41805232,Q11484890,Q641600,14585
codefor,Q41805240,Q7813806,Q41040535,40376
codefor,Q41805246,Q11589224,Q41040535,28685
codefor,Q41805248,Q11471571,Q327591,8113
codefor,Q41805249,Q10959517,Q641600,20355
codefor,Q41805251,Q11426789,Q41040535,57947
codefor,Q41805252,Q11525660,Q41040535,39892
codefor,Q41805253,Q11654363,Q354239,3784
codefor,Q41805257,Q11617504,Q41040535,51060
codefor,Q41805263,Q11472349,Q41040535,21551
codefor,Q41805265,Q11484887,Q327591,1753
codefor,Q41805267,Q11393154,Q641600,24104
codefor,Q41805270,Q11454481,Q41040535,28286
codefor,Q41805272,Q11589219,Q41040535,18618
codefor,Q41805273,Q11393152,Q41040535,37344
codefor,Q41805274,Q11676838,Q41040535,43331
codefor,Q41805275,Q11525654,Q41040535,49485
codefor,Q41805276,Q11472353,Q327591,55947
codefor,Q41805279,Q6360252,Q41040535,28635
codefor,Q41805282,Q11484887,Q327591,1978
codefor,Q41805284,Q6958601,Q41040535,57538
codefor,Q41805285,Q11484891,Q41040535,27912
codefor,Q41805289,Q11453772,Q41040535,24047
codefor,Q41805290,Q6452106,Q327591,2059
codefor,Q41805291,Q11467112,Q41040535,18567
codefor,Q41805293,Q7496287,Q835109,13483
codefor,Q41805295,Q11494341,Q641600,18574
codefor,Q41805296,Q11441208,Q354239,5291
codefor,Q41805300,Q11393156,Q41040535,22338
codefor,Q41805301,Q11406381,Q41040535,28878
codefor,Q41805303,Q11467112,Q327591,6687
codefor,Q41805312,Q11102990,Q327591,4243
codefor,Q41805313,Q11676838,Q327591,33317
codefor,Q41805318,Q11467112,Q327591,645
codefor,Q41805320,Q11102981,Q41040535,42668
codefor,Q41805323,Q11393146,Q641600,21454
codefor,Q41805325,Q10343578,Q41040535,25531
codefor,Q41805326,Q11453772,Q327591,1547
codefor,Q41805327,Q11102990,Q41040535,64731
codefor,Q41805338,Q11426786,Q641600,26504
codefor,Q418206,Q11476527,Q41532587,65285
codefor,Q418675,Q11589208,Q232595,127214
codefor,Q419010,Q11472353,Q41040535,21970
codefor,Q42290522,Q11663242,Q41040535,57581
codefor,Q42290611,Q11663242,Q641600,18437
codefor,Q455848,Q11609705,Q232595,109453
codefor,Q456011,Q11441212,Q41532587,48018
codefor,Q459698,Q11471571,Q232595,103453
codefor,Q459998,Q11474793,Q327591,130229
codefor,Q467453,Q11472349,Q232595,87272
codefor,Q4700938,Q11453778,Q232595,92893
codefor,Q4700952,Q11525658,Q41040535,92356
codefor,Q47846,Q7813807,Q41532587,96713
codefor,Q4803390,Q11592625,Q232595,91329
codefor,Q4817826,Q11426801,Q41040535,106448
codefor,Q49875,Q49876,Q41040535,87534
codefor,Q49943,Q11468571,Q41040535,92035
codefor,Q49949,Q11593333,Q232595,86461
codefor,Q49969,Q11453781,Q232595,123871
codefor,Q49988,Q11595531,Q232595,107432
codefor,Q49996,Q11453776,Q232595,111559
codefor,Q49998,Q11662287,Q232595,133545
codefor,Q506730,Q10343508,Q232595,107708
codefor,Q5100105,Q11503150,Q41532587,128045
codefor,Q513317,Q6843509,Q327591,147255
codefor,Q516232,Q11589207,Q41532587,86550
codefor,Q5209113,Q11595528,Q41040535,53850
codefor,Q5209617,Q11589213,Q232595,111285
codefor,Q5209645,Q11484886,Q41040535,68309
codefor,Q5209856,Q11592622,Q41040535,96675
codefor,Q529792,Q11426795,Q232595,110072
codefor,Q5349200,Q11503151,Q327591,97808
codefor,Q5371065,Q11593326,Q327591,126664
codefor,Q548239,Q7398896,Q327591,105487
codefor,Q5508556,Q10343578,Q232595,85305
codefor,Q5517695,Q7081866,Q232595,93172
codefor,Q5530859,Q11672488,Q232595,81675
codefor,Q5637084,Q11589215,Q232595,101157
codefor,Q5639959,Q11535297,Q232595,109139
codefor,Q5639964,Q11672489,Q327591,92179
codefor,Q5680924,Q11525655,Q232595,96229
codefor,Q5752395,Q11426800,Q232595,77023
codefor,Q5752415,Q4696552,Q232595,114894
codefor,Q57647,Q5095299,Q327591,131024
codefor,Q5770152,Q11589225,Q41040535,72531
codefor,Q5770251,Q11406383,Q232595,85461
codefor,Q5770815,Q11484886,Q232595,96718
codefor,Q5770884,Q5983712,Q232595,97966
codefor,Q5770910,Q11676837,Q41532587,76699
codefor,Q5771003,Q11384769,Q41040535,105921
codefor,Q5772420,Q11564693,Q41040535,64617
codefor,Q58213,Q5507720,Q327591,92930
codefor,Q582685,Q4696554,Q41532587,91081
codefor,Q5986289,Q11654371,Q232595,91542
codefor,Q6088170,Q11564691,Q41040535,58718
codefor,Q6094931,Q11454477,Q41040535,57047
codefor,Q6102348,Q11593333,Q41040535,51478
codefor,Q6140382,Q11592625,Q41040535,78833
codefor,Q6142027,Q11663241,Q41040535,40495
codefor,Q614464,Q11441205,Q232595,81968
codefor,Q6144675,Q11525658,Q354239,6655
codefor,Q614476,Q10343462,Q232595,110493
codefor,Q6203082,Q11589209,Q232595,105953
codefor,Q6311513,Q6360246,Q232595,103070
codefor,Q6314413,Q11667404,Q41040535,79383
codefor,Q6360573,Q11406380,Q41040535,81481
codefor,Q6378065,Q11525654,Q232595,127632
codefor,Q6378155,Q11472354,Q232595,100708
codefor,Q6381578,Q11406388,Q41040535,71468
codefor,Q6381615,Q6360240,Q232595,113824
codefor,Q6381645,Q11441207,Q1061354,77335
codefor,Q6381788,Q11393148,Q1061354,89349
codefor,Q6381814,Q11426801,Q232595,92222
codefor,Q6383646,Q11375290,Q641600,61938
codefor,Q6383690,Q11617509,Q232595,62617
codefor,Q6383814,Q11375291,Q41040535,71068
codefor,Q6383909,Q11589224,Q232595,103324
codefor,Q6383911,Q11472351,Q41040535,54591
codefor,Q6389276,Q11564691,Q232595,73694
codefor,Q6389323,Q11589223,Q327591,119280
codefor,Q6389383,Q11102988,Q232595,101314
codefor,Q6389412,Q9498886,Q41040535,74425
codefor,Q6391984,Q6452106,Q41040535,63013
codefor,Q6416606,Q11617509,Q327591,77719
codefor,Q6419134,Q11445241,Q41040535,55721
codefor,Q6426211,Q11525660,Q232595,122331
codefor,Q6426239,Q11426793,Q41040535,75716
codefor,Q6426240,Q11393154,Q232595,123360
codefor,Q6426244,Q11493674,Q232595,80589
codefor,Q6426248,Q11393156,Q21499745,38398
codefor,Q6426455,Q11484890,Q41040535,85616
codefor,Q6433881,Q11469742,Q327591,67434
codefor,Q6435116,Q11535300,Q232595,65445
codefor,Q6435368,Q11592612,Q232595,87674
codefor,Q653000,Q11494346,Q41532587,98595
codefor,Q661410,Q6360245,Q232595,154761
codefor,Q6739516,Q11503156,Q327591,112600
codefor,Q6746574,Q11589221,Q232595,120068
codefor,Q6782264,Q10343531,Q232595,115239
codefor,Q6782350,Q11426805,Q232595,92952
codefor,Q6782391,Q11393146,Q232595,71861
codefor,Q6782686,Q7813807,Q232595,95667
codefor,Q6782738,Q11417484,Q232595,75772
codefor,Q6782819,Q7813763,Q232595,90281
codefor,Q6837954,Q7081866,Q41040535,72280
codefor,Q6842917,Q11525651,Q232595,104137
codefor,Q6864590,Q11102988,Q41040535,45737
codefor,Q6869306,Q11484891,Q232595,86193
codefor,Q6882969,Q11654364,Q41040535,78343
codefor,Q6883317,Q11494354,Q41040535,89908
codefor,Q704345,Q11393145,Q232595,98166
codefor,Q7046134,Q11406387,Q41040535,23701
codefor,Q7051315,Q11357847,Q232595,99596
codefor,Q729599,Q11375290,Q232595,88106
codefor,Q730991,Q11525650,Q232595,120744
codefor,Q732087,Q11426800,Q41532587,119091
codefor,Q7385287,Q11441223,Q835109,44589
codefor,Q7385320,Q11674598,Q232595,72827
codefor,Q7385322,Q11426792,Q232595,96185
codefor,Q7385342,Q11592613,Q232595,81129
codefor,Q7426418,Q11426792,Q41040535,48729
codefor,Q7426422,Q11393146,Q21499745,29660
codefor,Q7446686,Q11652769,Q232595,73899
codefor,Q7446719,Q11493670,Q232595,62516
codefor,Q7446737,Q9498966,Q327591,125771
codefor,Q7446761,Q11552835,Q641600,60605
codefor,Q7477634,Q4356088,Q232595,105876
codefor,Q7496342,Q11441213,Q1061354,83907
codefor,Q7496422,Q11654368,Q232595,68673
codefor,Q7497524,Q11494338,Q41040535,134698
codefor,Q7497583,Q10971927,Q232595,112014
codefor,Q7497782,Q11453779,Q232595,73298
codefor,Q7504421,Q11663244,Q41040535,108788
codefor,Q7504756,Q11503158,Q232595,94292
codefor,Q7504802,Q11432906,Q41040535,87392
codefor,Q7505080,Q11489990,Q232595,81616
codefor,Q7505129,Q11654364,Q232595,67210
codefor,Q7674280,Q11494353,Q232595,108477
codefor,Q7676160,Q11426786,Q232595,85453
codefor,Q7677066,Q11403009,Q41532587,136312
codefor,Q7677156,Q9498886,Q232595,104824
codefor,Q7677226,Q7813818,Q232595,98422
codefor,Q7677320,Q11609702,Q41040535,48545
codefor,Q7677354,Q10959517,Q41040535,37783
codefor,Q7677366,Q11441222,Q232595,67054
codefor,Q7677369,Q11654363,Q327591,131883
codefor,Q7677383,Q11441204,Q21499745,77696
codefor,Q7678527,Q11454479,Q232595,98170
codefor,Q7678536,Q11426804,Q232595,111815
codefor,Q7678622,Q11667404,Q232595,81566
codefor,Q7706881,Q11494336,Q232595,88171
codefor,Q7706925,Q11568329,Q232595,129312
codefor,Q7827620,Q8047616,Q232595,104227
codefor,Q7827692,Q11472353,Q327591,59488
codefor,Q784087,Q11494353,Q327591,106625
codefor,Q7850039,Q11525652,Q232595,101155
codefor,Q7850337,Q6958596,Q232595,80049
codefor,Q7850389,Q11591499,Q232595,80895
codefor,Q7862709,Q11453772,Q232595,100123
codefor,Q8046971,Q251994,Q232595,83992
codefor,Q8049965,Q11441214,Q232595,80083
codefor,Q8049977,Q11617504,Q232595,113068
codefor,Q8049988,Q6346640,Q232595,102501
codefor,Q8050022,Q11426803,Q41040535,78202
codefor,Q8050092,Q11568330,Q232595,150453
codefor,Q8050121,Q11393158,Q232595,122026
codefor,Q8054534,Q11471575,Q232595,127308
codefor,Q8055323,Q11568324,Q41040535,96374
codefor,Q8055326,Q7813822,Q327591,11997
codefor,Q8055970,Q11592622,Q232595,123758
codefor,Q8056061,Q11393149,Q232595,72838
codefor,Q8056070,Q11454481,Q232595,98008
codefor,Q8056240,Q11494348,Q41040535,63207
codefor,Q8056243,Q11663242,Q232595,96243
codefor,Q8056290,Q11406388,Q232595,100115
codefor,Q8056299,Q11593326,Q232595,113514
codefor,Q8060529,Q11672489,Q232595,71029
codefor,Q8060577,Q11441202,Q232595,69366
codefor,Q806947,Q7813806,Q41532587,96255
codefor,Q9067667,Q11441212,Q232595,91439
codefor,Q923428,Q7105539,Q21499745,44938
codefor,Q926370,Q11406376,Q232595,88398
codefor,Q935199,Q11663246,Q232595,101858
codefor,Q978256,Q10971927,Q41040535,38286
codefor,Q992930,Q7813822,Q232595,99863
wikidata,Q1039717,Q7813806,Q354239,
wikidata,Q10856313,Q11586035,Q41040535,
wikidata,Q1131407,Q9499044,Q232595,
wikidata,Q1132836,Q11406378,Q232595,
wikidata,Q1133136,Q11393144,Q232595,
wikidata,Q1133192,Q11476527,Q232595,
wikidata,Q1133194,Q11406377,Q232595,
wikidata,Q1133360,Q11535301,Q232595,
wikidata,Q1133880,Q7960863,Q232595,
wikidata,Q11353993,Q11426791,Q232595,
wikidata,Q11355593,Q11393157,Q21499745,
wikidata,Q11355765,Q11589213,Q41040535,
wikidata,Q1135729,Q11663243,Q41040535,
wikidata,Q11357294,Q11589223,Q232595,
wikidata,Q11359720,Q11589222,Q1061354,
wikidata,Q11361823,Q5618873,Q41040535,
wikidata,Q11364144,Q11589225,Q232595,
wikidata,Q11364418,Q4356088,Q327591,
wikidata,Q11365989,Q11403007,Q232595,
wikidata,Q11367646,Q11393159,Q1061354,
wikidata,Q11368259,Q7105540,Q21499745,
wikidata,Q11368828,Q11589211,Q41040535,
wikidata,Q11373203,Q11441208,Q21499745,
wikidata,Q11373245,Q11592614,Q232595,
wikidata,Q11373350,Q11654365,Q41040535,
wikidata,Q11373460,Q11393146,Q41040535,
wikidata,Q11373555,Q10343531,Q41532587,
wikidata,Q11373633,Q11663238,Q232595,
wikidata,Q11373778,Q11609702,Q232595,
wikidata,Q11376392,Q7813763,Q41040535,
wikidata,Q11376723,Q11471576,Q41040535,
wikidata,Q11377131,Q11484887,Q21499745,
wikidata,Q11377132,Q11494339,Q232595,
wikidata,Q11377294,Q11403009,Q232595,
wikidata,Q11378895,Q11441220,Q1061354,
wikidata,Q11379447,Q11441202,Q21499745,
wikidata,Q11379575,Q11403010,Q232595,
wikidata,Q11382420,Q11525655,Q41040535,
wikidata,Q11391317,Q11494338,Q232595,
wikidata,Q11395120,Q11595528,Q232595,
wikidata,Q11396609,Q11525653,Q41532587,
wikidata,Q11397382,Q9498966,Q232595,
wikidata,Q11399159,Q6958601,Q232595,
wikidata,Q11400147,Q11663244,Q232595,
wikidata,Q11400194,Q11589215,Q41040535,
wikidata,Q11400372,Q11453780,Q232595,
wikidata,Q11409844,Q11441223,Q232595,
wikidata,Q11411691,Q11592618,Q232595,
wikidata,Q11412937,Q11432908,Q835109,
wikidata,Q11413102,Q11663243,Q232595,
wikidata,Q11414054,Q11494342,Q41532587,
wikidata,Q11422694,Q11552835,Q232595,
wikidata,Q11422753,Q17221683,Q1061354,
wikidata,Q11423241,Q11426789,Q232595,
wikidata,Q11425971,Q11592612,Q41040535,
wikidata,Q11425985,Q11663245,Q232595,
wikidata,Q11427301,Q11469742,Q327591,
wikidata,Q11428744,Q11484887,Q327591,
wikidata,Q11431868,Q11393156,Q232595,
wikidata,Q11434738,Q7496287,Q232595,
wikidata,Q11435293,Q7034372,Q327591,
wikidata,Q11437735,Q5983712,Q41040535,
wikidata,Q11438832,Q11494340,Q41040535,
wikidata,Q11438916,Q11525653,Q232595,
wikidata,Q11438945,Q11494340,Q232595,
wikidata,Q11439189,Q11535303,Q41040535,
wikidata,Q11439619,Q11667408,Q232595,
wikidata,Q11446165,Q11406390,Q41040535,
wikidata,Q11450236,Q11494336,Q41040535,
wikidata,Q11451405,Q11375292,Q232595,
wikidata,Q11453336,Q11592620,Q232595,
wikidata,Q11454107,Q11652769,Q41040535,
wikidata,Q11454258,Q5618871,Q41040535,
wikidata,Q11454333,Q11552836,Q232595,
wikidata,Q11455005,Q11663241,Q232595,
wikidata,Q11457846,Q11654368,Q41040535,
wikidata,Q11458942,Q11525659,Q232595,
wikidata,Q11459848,Q11663241,Q327591,
wikidata,Q11460163,Q11484890,Q232595,
wikidata,Q11461246,Q11654363,Q232595,
wikidata,Q11461458,Q5771187,Q232595,
wikidata,Q11461866,Q11445240,Q232595,
wikidata,Q11461955,Q11406381,Q232595,
wikidata,Q11462267,Q11663236,Q41040535,
wikidata,Q11462582,Q11426787,Q327591,
wikidata,Q11462766,Q11593331,Q41040535,
wikidata,Q11462993,Q11525658,Q232595,
wikidata,Q11463967,Q11426805,Q41040535,
wikidata,Q11465449,Q5618871,Q232595,
wikidata,Q11466071,Q11472351,Q232595,
wikidata,Q11466235,Q11676837,Q21499745,
wikidata,Q11466249,Q11375292,Q41040535,
wikidata,Q11466402,Q11592618,Q41532587,
wikidata,Q11467778,Q11494352,Q327591,
wikidata,Q11467842,Q9499044,Q41040535,
wikidata,Q11468895,Q11592614,Q41532587,
wikidata,Q11469130,Q11589219,Q232595,
wikidata,Q11470238,Q11406386,Q41532587,
wikidata,Q11470608,Q7813806,Q232595,
wikidata,Q11470671,Q11393157,Q232595,
wikidata,Q11470885,Q10343462,Q41532587,
wikidata,Q11472782,Q11406383,Q41532587,
wikidata,Q11475456,Q7398896,Q232595,
wikidata,Q11475894,Q11417481,Q41040535,
wikidata,Q11477350,Q11375290,Q41040535,
wikidata,Q11479573,Q11494348,Q232595,
wikidata,Q11488572,Q11589210,Q41040535,
wikidata,Q11496954,Q11102988,Q41532587,
wikidata,Q11500159,Q11591499,Q41040535,
wikidata,Q11513088,Q11589207,Q232595,
wikidata,Q11515287,Q11654371,Q327591,
wikidata,Q11518048,Q11441222,Q21499745,
wikidata,Q11518159,Q11654365,Q232595,
wikidata,Q11518163,Q7813822,Q41040535,
wikidata,Q11518220,Q11568324,Q232595,
wikidata,Q11518222,Q11525656,Q232595,
wikidata,Q11519999,Q11403007,Q41532587,
wikidata,Q11520430,Q11589209,Q41040535,
wikidata,Q11522062,Q11494336,Q21499745,
wikidata,Q11522739,Q11441220,Q41532587,
wikidata,Q11523004,Q11426793,Q232595,
wikidata,Q11523193,Q11595531,Q41040535,
wikidata,Q11533657,Q11535297,Q41040535,
wikidata,Q11534806,Q11456548,Q41040535,
wikidata,Q11535033,Q11525652,Q41040535,
wikidata,Q11536382,Q11494341,Q232595,
wikidata,Q11537927,Q11493674,Q41040535,
wikidata,Q11538822,Q11393154,Q41040535,
wikidata,Q11539493,Q11441207,Q41532587,
wikidata,Q11539787,Q4696552,Q41040535,
wikidata,Q11542202,Q11406378,Q41040535,
wikidata,Q11543692,Q11472354,Q41040535,
wikidata,Q11544282,Q11456548,Q232595,
wikidata,Q11544691,Q11406383,Q41040535,
wikidata,Q11545768,Q11454477,Q232595,
wikidata,Q11546026,Q11564692,Q232595,
wikidata,Q11546586,Q11403001,Q232595,
wikidata,Q11547421,Q11552837,Q232595,
wikidata,Q11549401,Q11406379,Q41040535,
wikidata,Q11551703,Q11494346,Q232595,
wikidata,Q11553342,Q11484887,Q232595,
wikidata,Q11554229,Q11592620,Q21499745,
wikidata,Q1155448,Q11441202,Q327591,
wikidata,Q11555503,Q11406389,Q41040535,
wikidata,Q11556075,Q4778663,Q232595,
wikidata,Q11558377,Q11441205,Q21499745,
wikidata,Q11560960,Q11441214,Q641600,
wikidata,Q11561908,Q7105541,Q232595,
wikidata,Q11562133,Q11406387,Q232595,
wikidata,Q11563479,Q11674598,Q41040535,
wikidata,Q11566681,Q11667406,Q232595,
wikidata,Q11568677,Q11494342,Q232595,
wikidata,Q11570409,Q11589212,Q232595,
wikidata,Q11572466,Q11552837,Q327591,
wikidata,Q11572647,Q11667406,Q41040535,
wikidata,Q11574554,Q11406387,Q41532587,
wikidata,Q11576787,Q11617501,Q232595,
wikidata,Q11577021,Q11525653,Q41040535,
wikidata,Q11577186,Q11494344,Q232595,
wikidata,Q11577205,Q11456543,Q232595,
wikidata,Q11577481,Q11445241,Q232595,
wikidata,Q11578483,Q11474791,Q41040535,
wikidata,Q11578505,Q6360240,Q641600,
wikidata,Q11578596,Q11393157,Q41040535,
wikidata,Q11580199,Q11493673,Q41040535,
wikidata,Q11580448,Q11406379,Q232595,
wikidata,Q11583883,Q11568330,Q41532587,
wikidata,Q11585604,Q11503150,Q232595,
wikidata,Q11585840,Q11617507,Q232595,
wikidata,Q11586782,Q11617503,Q41040535,
wikidata,Q11589528,Q11426803,Q232595,
wikidata,Q11589542,Q11589212,Q41040535,
wikidata,Q11590601,Q4696554,Q232595,
wikidata,Q11593023,Q11617501,Q41040535,
wikidata,Q11596567,Q11592616,Q41040535,
wikidata,Q11596723,Q11402999,Q1061354,
wikidata,Q11597257,Q11432906,Q232595,
wikidata,Q11597430,Q11484889,Q21499745,
wikidata,Q11602573,Q11609704,Q232595,
wikidata,Q11603860,Q56855,Q232595,
wikidata,Q11606064,Q11503151,Q232595,
wikidata,Q11609955,Q11589210,Q232595,
wikidata,Q1161024,Q11589211,Q232595,
wikidata,Q11614128,Q5878053,Q232595,
wikidata,Q11616618,Q7813802,Q41040535,
wikidata,Q11619136,Q11102990,Q232595,
wikidata,Q11619261,Q11593331,Q232595,
wikidata,Q11620603,Q11484889,Q327591,
wikidata,Q11622647,Q11592624,Q232595,
wikidata,Q11622818,Q11393152,Q232595,
wikidata,Q11623218,Q11474793,Q232595,
wikidata,Q11624750,Q11357847,Q41040535,
wikidata,Q11627955,Q11493670,Q21499745,
wikidata,Q11629761,Q11441203,Q327591,
wikidata,Q11629931,Q11552839,Q232595,
wikidata,Q11633044,Q11406376,Q41040535,
wikidata,Q11634137,Q11426798,Q327591,
wikidata,Q11637002,Q11441223,Q21499745,
wikidata,Q11638274,Q7813811,Q232595,
wikidata,Q11638747,Q11586036,Q41040535,
wikidata,Q11642258,Q11441209,Q21499745,
wikidata,Q11644760,Q11494337,Q327591,
wikidata,Q11644934,Q4696554,Q41040535,
wikidata,Q11645002,Q11426788,Q232595,
wikidata,Q11646016,Q11568327,Q232595,
wikidata,Q11646177,Q6346640,Q41040535,
wikidata,Q11646784,Q11503156,Q232595,
wikidata,Q11647123,Q11441212,Q21499745,
wikidata,Q11647681,Q11595529,Q232595,
wikidata,Q11648868,Q11468571,Q232595,
wikidata,Q11649031,Q11494352,Q232595,
wikidata,Q11649189,Q11426791,Q41040535,
wikidata,Q11651021,Q11453776,Q327591,
wikidata,Q11651619,Q11494354,Q232595,
wikidata,Q11651845,Q11441204,Q232595,
wikidata,Q11652221,Q6360246,Q41040535,
wikidata,Q11653978,Q11406380,Q21499745,
wikidata,Q11654965,Q11417481,Q232595,
wikidata,Q11656611,Q11403000,Q41532587,
wikidata,Q11656611,Q5878130,Q41532587,
wikidata,Q11656652,Q11471575,Q41040535,
wikidata,Q11657599,Q11471577,Q41040535,
wikidata,Q11657813,Q11468573,Q41040535,
wikidata,Q11661236,Q11494337,Q232595,
wikidata,Q11661965,Q11589222,Q41532587,
wikidata,Q11667848,Q11441206,Q21499745,
wikidata,Q11668691,Q11472349,Q41532587,
wikidata,Q11670038,Q11403004,Q232595,
wikidata,Q11671375,Q49876,Q232595,
wikidata,Q11671542,Q11403007,Q41040535,
wikidata,Q11673487,Q11592616,Q232595,
wikidata,Q11677736,Q7402528,Q232595,
wikidata,Q11678114,Q11503154,Q327591,
wikidata,Q11679075,Q11406389,Q232595,
wikidata,Q1207174,Q11617503,Q232595,
wikidata,Q122465,Q6360252,Q232595,
wikidata,Q1315762,Q10959517,Q232595,
wikidata,Q132280,Q6452102,Q327591,
wikidata,Q132345,Q11467112,Q232595,
wikidata,Q132596,Q5507680,Q232595,
wikidata,Q1335527,Q7828499,Q232595,
wikidata,Q1336805,Q10343508,Q41040535,
wikidata,Q1340817,Q11471573,Q232595,
wikidata,Q1478311,Q11403004,Q41532587,
wikidata,Q15220933,Q11484889,Q232595,
wikidata,Q152728,Q7496287,Q327591,
wikidata,Q1620229,Q7034372,Q232595,
wikidata,Q16263623,Q11406390,Q232595,
wikidata,Q1654408,Q11591498,Q232595,
wikidata,Q1654639,Q11432909,Q232595,
wikidata,Q1655220,Q11102981,Q232595,
wikidata,Q1655453,Q11535303,Q232595,
wikidata,Q1655755,Q11403000,Q232595,
wikidata,Q1656878,Q11357843,Q232595,
wikidata,Q1656896,Q11456545,Q232595,
wikidata,Q16769971,Q11406380,Q232595,
wikidata,Q16770033,Q11676838,Q232595,
wikidata,Q1689655,Q11357845,Q232595,
wikidata,Q1704924,Q11593328,Q232595,
wikidata,Q1704969,Q11471577,Q232595,
wikidata,Q1705028,Q6965225,Q232595,
wikidata,Q17158474,Q11426787,Q327591,
wikidata,Q17158549,Q11503154,Q232595,
wikidata,Q17158714,Q11426786,Q41040535,
wikidata,Q17158871,Q6080258,Q232595,
wikidata,Q17159494,Q6843509,Q232595,
wikidata,Q17160872,Q11375291,Q232595,
wikidata,Q17219387,Q11592623,Q232595,
wikidata,Q17223599,Q11357843,Q327591,
wikidata,Q1724004,Q11552836,Q835109,
wikidata,Q1737907,Q11589219,Q327591,
wikidata,Q1761759,Q11552835,Q21499745,
wikidata,Q18458881,Q11663246,Q41040535,
wikidata,Q18669603,Q11525648,Q641600,
wikidata,Q18700742,Q11426792,Q641600,
wikidata,Q18700919,Q7813818,Q41532587,
wikidata,Q18701018,Q11468573,Q232595,
wikidata,Q18817567,Q11406379,Q641600,
wikidata,Q18817798,Q11592612,Q641600,
wikidata,Q18817877,Q11552839,Q327591,
wikidata,Q18818101,Q11393159,Q641600,
wikidata,Q18818124,Q11592625,Q641600,
wikidata,Q18818128,Q4778663,Q41040535,
wikidata,Q18818200,Q11525656,Q641600,
wikidata,Q18818207,Q11441203,Q232595,
wikidata,Q18818315,Q11493670,Q41040535,
wikidata,Q1906668,Q11357845,Q327591,
wikidata,Q1949760,Q11494344,Q41040535,
wikidata,Q1965622,Q11406386,Q232595,
wikidata,Q1995125,Q11467109,Q232595,
wikidata,Q20039047,Q7105539,Q232595,
wikidata,Q20039110,Q11441208,Q232595,
wikidata,Q20039172,Q11441206,Q232595,
wikidata,Q20039502,Q11441209,Q232595,
wikidata,Q20039675,Q6452106,Q232595,
wikidata,Q20040516,Q6360246,Q41532587,
wikidata,Q20040828,Q7813802,Q232595,
wikidata,Q20041303,Q7105540,Q232595,
wikidata,Q212400,Q11453780,Q327591,
wikidata,Q21655857,Q11456543,Q21499745,
wikidata,Q21701087,Q6452111,Q327591,
wikidata,Q23907516,Q5878048,Q232595,
wikidata,Q2394829,Q7813811,Q41040535,
wikidata,Q2484652,Q11476528,Q232595,
wikidata,Q2506910,Q5618873,Q232595,
wikidata,Q2576940,Q11384769,Q232595,
wikidata,Q2576975,Q11525655,Q41532587,
wikidata,Q263777,Q10343578,Q41532587,
wikidata,Q265174,Q376715,Q232595,
wikidata,Q276275,Q11663236,Q232595,
wikidata,Q3136350,Q11586035,Q232595,
wikidata,Q337406,Q11525648,Q1061354,
wikidata,Q337762,Q11676841,Q232595,
wikidata,Q3435725,Q11535300,Q327591,
wikidata,Q3482658,Q11474791,Q232595,
wikidata,Q3547232,Q11432909,Q41532587,
wikidata,Q359480,Q11484884,Q232595,
wikidata,Q360395,Q11493668,Q232595,
wikidata,Q369170,Q7813818,Q41040535,
wikidata,Q370385,Q11494342,Q41040535,
wikidata,Q382311,Q11467111,Q232595,
wikidata,Q388496,Q11445240,Q41040535,
wikidata,Q405527,Q11432908,Q232595,
wikidata,Q405533,Q7105539,Q41532587,
wikidata,Q41618899,Q11402999,Q41532587,
wikidata,Q41693423,Q6452111,Q41040535,
wikidata,Q41693816,Q11525651,Q41040535,
wikidata,Q41693822,Q10343531,Q41040535,
wikidata,Q41698739,Q11589207,Q41040535,
wikidata,Q41767957,Q6452106,Q641600,
wikidata,Q41768312,Q6452106,Q21499745,
wikidata,Q41768409,Q11375291,Q641600,
wikidata,Q41768435,Q11375291,Q354239,
wikidata,Q41769795,Q7813802,Q41532587,
wikidata,Q41769890,Q7813802,Q641600,
wikidata,Q41769891,Q7813802,Q354239,
wikidata,Q41769946,Q11102981,Q641600,
wikidata,Q41769947,Q11102981,Q41532587,
wikidata,Q41769948,Q11525650,Q641600,
wikidata,Q41769950,Q11525650,Q41532587,
wikidata,Q41769951,Q11525651,Q641600,
wikidata,Q41769952,Q11525651,Q354239,
wikidata,Q41769955,Q11525652,Q641600,
wikidata,Q41770033,Q11525652,Q327591,
wikidata,Q41770036,Q11525654,Q641600,
wikidata,Q41770041,Q11525655,Q641600,
wikidata,Q41770043,Q7813806,Q354239,
wikidata,Q41770226,Q10343462,Q641600,
wikidata,Q41770228,Q11525656,Q41040535,
wikidata,Q41770229,Q11525659,Q641600,
wikidata,Q41770230,Q11525659,Q41040535,
wikidata,Q41770231,Q11525660,Q641600,
wikidata,Q41770233,Q11525660,Q41532587,
wikidata,Q41770235,Q10971927,Q641600,
wikidata,Q41770236,Q10971927,Q41532587,
wikidata,Q41770239,Q7813811,Q41532587,
wikidata,Q41770450,Q10343508,Q641600,
wikidata,Q41770452,Q10343531,Q641600,
wikidata,Q41770457,Q7813818,Q354239,
wikidata,Q41770460,Q7813822,Q641600,
wikidata,Q41770463,Q7813822,Q41532587,
wikidata,Q41770465,Q11102990,Q641600,
wikidata,Q41770566,Q11403001,Q641600,
wikidata,Q41770567,Q11403001,Q41040535,
wikidata,Q41770570,Q5878053,Q41532587,
wikidata,Q41770571,Q9498886,Q641600,
wikidata,Q41770572,Q9498886,Q21499745,
wikidata,Q41770577,Q5878048,Q354239,
wikidata,Q41770579,Q5878048,Q41532587,
wikidata,Q41770581,Q11403010,Q641600,
wikidata,Q41770583,Q9499044,Q641600,
wikidata,Q41770584,Q4778663,Q641600,
wikidata,Q41770585,Q11662287,Q641600,
wikidata,Q41770587,Q11662287,Q41040535,
wikidata,Q41770589,Q11662288,Q641600,
wikidata,Q41770590,Q11662288,Q354239,
wikidata,Q41770593,Q11662288,Q41040535,
wikidata,Q41770594,Q11662288,Q232595,
wikidata,Q41770595,Q49876,Q641600,
wikidata,Q41770601,Q11453772,Q354239,
wikidata,Q41770602,Q11453772,Q41532587,
wikidata,Q41770603,Q11453772,Q21499745,
wikidata,Q41770605,Q11453778,Q641600,
wikidata,Q41770606,Q11453778,Q41040535,
wikidata,Q41770609,Q11453779,Q41040535,
wikidata,Q41770610,Q11453781,Q641600,
wikidata,Q41770611,Q11595528,Q641600,
wikidata,Q41770613,Q11595529,Q641600,
wikidata,Q41770614,Q11595529,Q41040535,
wikidata,Q41770615,Q8047616,Q641600,
wikidata,Q41770616,Q8047616,Q41040535,
wikidata,Q41770618,Q11468571,Q641600,
wikidata,Q41770619,Q11468573,Q641600,
wikidata,Q41770620,Q11468573,Q354239,
wikidata,Q41770622,Q11593328,Q641600,
wikidata,Q41770623,Q11593328,Q41040535,
wikidata,Q41770624,Q5507720,Q641600,
wikidata,Q41770625,Q5507720,Q232595,
wikidata,Q41770626,Q11593331,Q641600,
wikidata,Q41770628,Q11593331,Q835109,
wikidata,Q41770630,Q11593333,Q641600,
wikidata,Q41770631,Q11593333,Q835109,
wikidata,Q41770632,Q11617501,Q641600,
wikidata,Q41770634,Q11617501,Q354239,
wikidata,Q41770635,Q11617503,Q641600,
wikidata,Q41770636,Q11617504,Q641600,
wikidata,Q41770639,Q5983712,Q641600,
wikidata,Q41770640,Q11617507,Q641600,
wikidata,Q41770642,Q11617507,Q41040535,
wikidata,Q41770643,Q11617508,Q641600,
wikidata,Q41770646,Q11617508,Q41040535,
wikidata,Q41770647,Q11617508,Q232595,
wikidata,Q41770649,Q11617509,Q641600,
wikidata,Q41770650,Q11535297,Q641600,
wikidata,Q41770651,Q11535297,Q327591,
wikidata,Q41770653,Q56855,Q641600,
wikidata,Q41770655,Q56855,Q354239,
wikidata,Q41770656,Q11535301,Q641600,
wikidata,Q41770657,Q11535301,Q41040535,
wikidata,Q41770658,Q11535303,Q641600,
wikidata,Q41770659,Q5618871,Q641600,
wikidata,Q41770662,Q11609702,Q641600,
wikidata,Q41770664,Q11609704,Q41532587,
wikidata,Q41770665,Q5618873,Q641600,
wikidata,Q41770666,Q11609705,Q641600,
wikidata,Q41770667,Q11609705,Q835109,
wikidata,Q41770669,Q11426787,Q641600,
wikidata,Q41770670,Q11426788,Q641600,
wikidata,Q41770671,Q11426788,Q41040535,
wikidata,Q41770673,Q11426787,Q41040535,
wikidata,Q41770675,Q11426789,Q835109,
wikidata,Q41770677,Q11426791,Q641600,
wikidata,Q41770678,Q11426791,Q21499745,
wikidata,Q41770679,Q11426793,Q641600,
wikidata,Q41770680,Q11426795,Q641600,
wikidata,Q41770682,Q11426795,Q41040535,
wikidata,Q41770685,Q7402528,Q354239,
wikidata,Q41770686,Q7402528,Q41532587,
wikidata,Q41770687,Q11426798,Q641600,
wikidata,Q41770688,Q11426798,Q41040535,
wikidata,Q41770689,Q11426798,Q21499745,
wikidata,Q41770690,Q11426798,Q232595,
wikidata,Q41770692,Q11426801,Q641600,
wikidata,Q41770694,Q11426803,Q641600,
wikidata,Q41770695,Q11426805,Q641600,
wikidata,Q41770696,Q11426804,Q641600,
wikidata,Q41770697,Q11426804,Q41040535,
wikidata,Q41770698,Q11406376,Q641600,
wikidata,Q41770700,Q11406377,Q641600,
wikidata,Q41770702,Q11406377,Q41040535,
wikidata,Q41770703,Q11406378,Q641600,
wikidata,Q41770705,Q11406378,Q835109,
wikidata,Q41770706,Q11406379,Q41532587,
wikidata,Q41770708,Q11406380,Q641600,
wikidata,Q41770709,Q11406381,Q641600,
wikidata,Q41770711,Q11406381,Q41532587,
wikidata,Q41770712,Q11406381,Q21499745,
wikidata,Q41770714,Q5095299,Q641600,
wikidata,Q41770715,Q5095299,Q232595,
wikidata,Q41770719,Q11406387,Q21499745,
wikidata,Q41770721,Q11406389,Q641600,
wikidata,Q41770722,Q11406389,Q41532587,
wikidata,Q41770723,Q11406388,Q641600,
wikidata,Q41770724,Q11406390,Q641600,
wikidata,Q41770725,Q6360240,Q41040535,
wikidata,Q41770726,Q6360245,Q641600,
wikidata,Q41770727,Q6360245,Q354239,
wikidata,Q41770729,Q11589208,Q641600,
wikidata,Q41770730,Q11589208,Q41040535,
wikidata,Q41770731,Q11589209,Q641600,
wikidata,Q41770734,Q11589211,Q835109,
wikidata,Q41770735,Q11589210,Q641600,
wikidata,Q41770737,Q11589212,Q641600,
wikidata,Q41770740,Q6360252,Q641600,
wikidata,Q41770741,Q6360252,Q41532587,
wikidata,Q41770742,Q11589215,Q641600,
wikidata,Q41770743,Q11589215,Q354239,
wikidata,Q41770746,Q11589219,Q41532587,
wikidata,Q41770747,Q11589221,Q641600,
wikidata,Q41770750,Q11589222,Q21499745,
wikidata,Q41770751,Q11589213,Q641600,
wikidata,Q41770753,Q11589224,Q41532587,
wikidata,Q41770754,Q11589223,Q641600,
wikidata,Q41770755,Q11589225,Q641600,
wikidata,Q41770763,Q11503151,Q641600,
wikidata,Q41770766,Q7034372,Q354239,
wikidata,Q41770770,Q11503158,Q327591,
wikidata,Q41770773,Q11456545,Q835109,
wikidata,Q41770774,Q11456548,Q641600,
wikidata,Q41770775,Q11456543,Q641600,
wikidata,Q41770776,Q11586035,Q641600,
wikidata,Q41770779,Q6080258,Q641600,
wikidata,Q41770780,Q6080258,Q354239,
wikidata,Q41770781,Q6080258,Q41040535,
wikidata,Q41770782,Q11586036,Q641600,
wikidata,Q41770784,Q11586036,Q232595,
wikidata,Q41770785,Q11591498,Q641600,
wikidata,Q41770788,Q11591498,Q41040535,
wikidata,Q41770789,Q11591499,Q641600,
wikidata,Q41770791,Q4356088,Q641600,
wikidata,Q41770792,Q4356088,Q354239,
wikidata,Q41770793,Q11469742,Q641600,
wikidata,Q41770795,Q11469742,Q41532587,
wikidata,Q41770800,Q11654363,Q21499745,
wikidata,Q41770804,Q11654364,Q21499745,
wikidata,Q41770805,Q11654365,Q641600,
wikidata,Q41770806,Q11654365,Q354239,
wikidata,Q41770808,Q11654368,Q641600,
wikidata,Q41770813,Q11654371,Q41040535,
wikidata,Q41770814,Q11471571,Q354239,
wikidata,Q41770815,Q11663236,Q641600,
wikidata,Q41770816,Q11663245,Q41040535,
wikidata,Q41770817,Q11663236,Q41532587,
wikidata,Q41770818,Q11663238,Q641600,
wikidata,Q41770820,Q11663238,Q41040535,
wikidata,Q41770822,Q11663243,Q641600,
wikidata,Q41770824,Q11663244,Q641600,
wikidata,Q41770826,Q11663245,Q641600,
wikidata,Q41770828,Q11663246,Q641600,
wikidata,Q41770830,Q11494336,Q641600,
wikidata,Q41770834,Q11494337,Q641600,
wikidata,Q41770835,Q11494340,Q641600,
wikidata,Q41770837,Q11494339,Q641600,
wikidata,Q41770839,Q11494339,Q41040535,
wikidata,Q41770844,Q11494341,Q41040535,
wikidata,Q41770846,Q4696552,Q835109,
wikidata,Q41770847,Q11494344,Q641600,
wikidata,Q41770848,Q11469742,Q41040535,
wikidata,Q41770850,Q4696552,Q641600,
wikidata,Q41770851,Q11494353,Q641600,
wikidata,Q41770852,Q11494354,Q641600,
wikidata,Q41770856,Q6843509,Q641600,
wikidata,Q41770857,Q6843509,Q354239,
wikidata,Q41770859,Q11357847,Q641600,
wikidata,Q41770863,Q11564691,Q354239,
wikidata,Q41770864,Q11564692,Q641600,
wikidata,Q41770866,Q11564692,Q41040535,
wikidata,Q41770867,Q11564693,Q641600,
wikidata,Q41770869,Q11564693,Q232595,
wikidata,Q41770872,Q6452111,Q641600,
wikidata,Q41770873,Q6452111,Q232595,
wikidata,Q41770877,Q11375292,Q641600,
wikidata,Q41770880,Q376715,Q641600,
wikidata,Q41770882,Q376715,Q21499745,
wikidata,Q41770883,Q6360245,Q41040535,
wikidata,Q41770884,Q11441203,Q641600,
wikidata,Q41770885,Q11441203,Q41532587,
wikidata,Q41770886,Q11441204,Q641600,
wikidata,Q41770887,Q11441205,Q641600,
wikidata,Q41770889,Q11441206,Q641600,
wikidata,Q41770890,Q11441209,Q641600,
wikidata,Q41770892,Q11393158,Q41040535,
wikidata,Q41770893,Q7105540,Q641600,
wikidata,Q41770894,Q11441208,Q641600,
wikidata,Q41770896,Q11441208,Q41532587,
wikidata,Q41770898,Q11441213,Q641600,
wikidata,Q41770900,Q11441214,Q21499745,
wikidata,Q41770901,Q17221683,Q641600,
wikidata,Q41770903,Q17221683,Q354239,
wikidata,Q41770904,Q17221683,Q41532587,
wikidata,Q41770906,Q7105541,Q641600,
wikidata,Q41770908,Q7105541,Q21499745,
wikidata,Q41770909,Q11441222,Q641600,
wikidata,Q41770911,Q11441222,Q41532587,
wikidata,Q41770915,Q11393144,Q641600,
wikidata,Q41770918,Q11393145,Q641600,
wikidata,Q41770920,Q11393145,Q41040535,
wikidata,Q41770922,Q11393148,Q641600,
wikidata,Q41770924,Q11393148,Q327591,
wikidata,Q41770925,Q11393149,Q641600,
wikidata,Q41770926,Q11393149,Q41040535,
wikidata,Q41770927,Q11393152,Q641600,
wikidata,Q41770929,Q11393152,Q327591,
wikidata,Q41770931,Q11393156,Q41532587,
wikidata,Q41770933,Q11393157,Q641600,
wikidata,Q41770936,Q11393158,Q327591,
wikidata,Q41770938,Q11445240,Q641600,
wikidata,Q41770939,Q11445240,Q21499745,
wikidata,Q41770941,Q6965225,Q641600,
wikidata,Q41770942,Q11445241,Q641600,
wikidata,Q41770943,Q11417481,Q641600,
wikidata,Q41770945,Q11417484,Q641600,
wikidata,Q41770946,Q11417484,Q41040535,
wikidata,Q41770948,Q7960863,Q641600,
wikidata,Q41770949,Q7828499,Q641600,
wikidata,Q41770951,Q11674598,Q641600,
wikidata,Q41770953,Q11476528,Q835109,
wikidata,Q41770956,Q11476528,Q641600,
wikidata,Q41770959,Q11472351,Q641600,
wikidata,Q41770960,Q11472351,Q354239,
wikidata,Q41770961,Q11472353,Q641600,
wikidata,Q41770962,Q7081866,Q641600,
wikidata,Q41770963,Q11472354,Q641600,
wikidata,Q41770965,Q11484884,Q641600,
wikidata,Q41770967,Q11484886,Q641600,
wikidata,Q41770968,Q11484886,Q354239,
wikidata,Q41770969,Q11484886,Q21499745,
wikidata,Q41770971,Q11484887,Q354239,
wikidata,Q41770972,Q11484889,Q641600,
wikidata,Q41770973,Q11484889,Q327591,
wikidata,Q41770974,Q11484891,Q641600,
wikidata,Q41770976,Q5771187,Q641600,
wikidata,Q41770978,Q5771187,Q41040535,
wikidata,Q41770979,Q11467107,Q641600,
wikidata,Q41770980,Q11467107,Q354239,
wikidata,Q41770981,Q11467107,Q41040535,
wikidata,Q41770983,Q11467109,Q641600,
wikidata,Q41770986,Q11467112,Q641600,
wikidata,Q41770988,Q7813763,Q641600,
wikidata,Q41770989,Q11489990,Q641600,
wikidata,Q41770991,Q11489990,Q354239,
wikidata,Q41770992,Q11667406,Q641600,
wikidata,Q41770994,Q11667408,Q835109,
wikidata,Q41770995,Q11493668,Q641600,
wikidata,Q41770996,Q11493668,Q41040535,
wikidata,Q41770998,Q11493670,Q641600,
wikidata,Q41770999,Q11493673,Q641600,
wikidata,Q41771001,Q11493673,Q354239,
wikidata,Q41771003,Q11493673,Q232595,
wikidata,Q41771004,Q11672488,Q641600,
wikidata,Q41771005,Q11672488,Q41040535,
wikidata,Q41771007,Q11592613,Q41040535,
wikidata,Q41771008,Q11592613,Q835109,
wikidata,Q41771009,Q11592614,Q641600,
wikidata,Q41771010,Q11592616,Q641600,
wikidata,Q41771012,Q11592620,Q641600,
wikidata,Q41771013,Q11592622,Q641600,
wikidata,Q41771014,Q11592623,Q641600,
wikidata,Q41771016,Q11592623,Q354239,
wikidata,Q41771018,Q11592623,Q327591,
wikidata,Q41771019,Q11592624,Q641600,
wikidata,Q41771020,Q11592624,Q41040535,
wikidata,Q41771021,Q5507680,Q641600,
wikidata,Q41771024,Q7398896,Q354239,
wikidata,Q41771025,Q11384769,Q641600,
wikidata,Q41771026,Q6958596,Q641600,
wikidata,Q41771028,Q6958596,Q41040535,
wikidata,Q41771029,Q6958601,Q641600,
wikidata,Q41771031,Q251994,Q641600,
wikidata,Q41771033,Q251994,Q41040535,
wikidata,Q41771035,Q11652769,Q641600,
wikidata,Q41771036,Q11568327,Q354239,
wikidata,Q41771037,Q11568327,Q327591,
wikidata,Q41771038,Q11568327,Q835109,
wikidata,Q41771040,Q11568329,Q641600,
wikidata,Q41771042,Q11432906,Q641600,
wikidata,Q41771044,Q11432908,Q354239,
wikidata,Q41771045,Q11454477,Q641600,
wikidata,Q41771046,Q11454479,Q641600,
wikidata,Q41771047,Q11454479,Q354239,
wikidata,Q41771049,Q11454481,Q641600,
wikidata,Q41771051,Q11676837,Q327591,
wikidata,Q41771052,Q11676838,Q641600,
wikidata,Q41771054,Q6346640,Q641600,
wikidata,Q41771055,Q11676841,Q835109,
wikidata,Q41771057,Q11552835,Q354239,
wikidata,Q41771058,Q11552837,Q354239,
wikidata,Q41771060,Q11552839,Q354239,
wikidata,Q41771061,Q11663245,Q41532587,
wikidata,Q41771063,Q11467111,Q41532587,
wikidata,Q41777897,Q11426793,Q21499745,
wikidata,Q41777898,Q11593328,Q21499745,
wikidata,Q41777900,Q11426792,Q21499745,
wikidata,Q41777902,Q5095299,Q21499745,
wikidata,Q41777904,Q11393149,Q21499745,
wikidata,Q41777909,Q251994,Q21499745,
wikidata,Q41777912,Q11417484,Q21499745,
wikidata,Q41777915,Q7402528,Q21499745,
wikidata,Q41777916,Q11441203,Q21499745,
wikidata,Q41777917,Q11467107,Q232595,
wikidata,Q41777971,Q11525658,Q835109,
wikidata,Q41794089,Q11471571,Q327591,
wikidata,Q41794090,Q11471573,Q641600,
wikidata,Q41794091,Q11471575,Q641600,
wikidata,Q41794095,Q11471577,Q641600,
wikidata,Q41794096,Q11471576,Q232595,
wikidata,Q41794100,Q6452102,Q641600,
wikidata,Q41794101,Q6452102,Q232595,
wikidata,Q41805155,Q11503154,Q327591,
wikidata,Q41805158,Q11494338,Q641600,
wikidata,Q41805160,Q7402528,Q41040535,
wikidata,Q41805161,Q11484889,Q41040535,
wikidata,Q41805165,Q11654364,Q835109,
wikidata,Q41805166,Q11525648,Q354239,
wikidata,Q41805169,Q11441213,Q327591,
wikidata,Q41805175,Q10343578,Q327591,
wikidata,Q41805177,Q56855,Q41040535,
wikidata,Q41805181,Q11494346,Q41040535,
wikidata,Q41805182,Q11676837,Q232595,
wikidata,Q41805183,Q11595531,Q641600,
wikidata,Q41805187,Q7813807,Q41040535,
wikidata,Q41805188,Q11426800,Q41040535,
wikidata,Q41805193,Q11494348,Q641600,
wikidata,Q41805194,Q11525651,Q327591,
wikidata,Q41805198,Q11589221,Q41040535,
wikidata,Q41805200,Q10343462,Q41040535,
wikidata,Q41805201,Q6965225,Q41040535,
wikidata,Q41805203,Q7813822,Q354239,
wikidata,Q41805206,Q11453779,Q641600,
wikidata,Q41805207,Q7402528,Q327591,
wikidata,Q41805210,Q7813802,Q327591,
wikidata,Q41805211,Q11493674,Q641600,
wikidata,Q41805214,Q11609705,Q41040535,
wikidata,Q41805215,Q11564691,Q327591,
wikidata,Q41805219,Q7813806,Q354239,
wikidata,Q41805221,Q11589215,Q327591,
wikidata,Q41805222,Q11406386,Q41040535,
wikidata,Q41805223,Q11471576,Q641600,
wikidata,Q41805226,Q11589223,Q354239,
wikidata,Q41805227,Q11393144,Q41040535,
wikidata,Q41805230,Q11592614,Q41040535,
wikidata,Q41805232,Q11484890,Q641600,
wikidata,Q41805240,Q7813806,Q41040535,
wikidata,Q41805246,Q11589224,Q41040535,
wikidata,Q41805248,Q11471571,Q327591,
wikidata,Q41805249,Q10959517,Q641600,
wikidata,Q41805251,Q11426789,Q41040535,
wikidata,Q41805252,Q11525660,Q41040535,
wikidata,Q41805253,Q11654363,Q354239,
wikidata,Q41805257,Q11617504,Q41040535,
wikidata,Q41805263,Q11472349,Q41040535,
wikidata,Q41805265,Q11484887,Q327591,
wikidata,Q41805267,Q11393154,Q641600,
wikidata,Q41805270,Q11454481,Q41040535,
wikidata,Q41805272,Q11589219,Q41040535,
wikidata,Q41805273,Q11393152,Q41040535,
wikidata,Q41805274,Q11676838,Q41040535,
wikidata,Q41805275,Q11525654,Q41040535,
wikidata,Q41805276,Q11472353,Q327591,
wikidata,Q41805279,Q6360252,Q41040535,
wikidata,Q41805282,Q11484887,Q327591,
wikidata,Q41805284,Q6958601,Q41040535,
wikidata,Q41805285,Q11484891,Q41040535,
wikidata,Q41805289,Q11453772,Q41040535,
wikidata,Q41805290,Q6452106,Q327591,
wikidata,Q41805291,Q11467112,Q41040535,
wikidata,Q41805293,Q7496287,Q835109,
wikidata,Q41805295,Q11494341,Q641600,
wikidata,Q41805296,Q11441208,Q354239,
wikidata,Q41805300,Q11393156,Q41040535,
wikidata,Q41805301,Q11406381,Q41040535,
wikidata,Q41805303,Q11467112,Q327591,
wikidata,Q41805312,Q11102990,Q327591,
wikidata,Q41805313,Q11676838,Q327591,
wikidata,Q41805318,Q11467112,Q327591,
wikidata,Q41805320,Q11102981,Q41040535,
wikidata,Q41805323,Q11393146,Q641600,
wikidata,Q41805325,Q10343578,Q41040535,
wikidata,Q41805326,Q11453772,Q327591,
wikidata,Q41805327,Q11102990,Q41040535,
wikidata,Q41805338,Q11426786,Q641600,
wikidata,Q418206,Q11476527,Q41532587,
wikidata,Q418675,Q11589208,Q232595,
wikidata,Q419010,Q11472353,Q41040535,
wikidata,Q42290522,Q11663242,Q41040535,
wikidata,Q42290611,Q11663242,Q641600,
wikidata,Q455848,Q11609705,Q232595,
wikidata,Q456011,Q11441212,Q41532587,
wikidata,Q459698,Q11471571,Q232595,
wikidata,Q459998,Q11474793,Q327591,
wikidata,Q467453,Q11472349,Q232595,
wikidata,Q4700938,Q11453778,Q232595,
wikidata,Q4700952,Q11525658,Q41040535,
wikidata,Q47846,Q7813807,Q41532587,
wikidata,Q4803390,Q11592625,Q232595,
wikidata,Q4817826,Q11426801,Q41040535,
wikidata,Q49875,Q49876,Q41040535,
wikidata,Q49943,Q11468571,Q41040535,
wikidata,Q49949,Q11593333,Q232595,
wikidata,Q49969,Q11453781,Q232595,
wikidata,Q49988,Q11595531,Q232595,
wikidata,Q49996,Q11453776,Q232595,
wikidata,Q49998,Q11662287,Q232595,
wikidata,Q506730,Q10343508,Q232595,
wikidata,Q5100105,Q11503150,Q41532587,
wikidata,Q513317,Q6843509,Q327591,
wikidata,Q516232,Q11589207,Q41532587,
wikidata,Q5209113,Q11595528,Q41040535,
wikidata,Q5209617,Q11589213,Q232595,
wikidata,Q5209645,Q11484886,Q41040535,
wikidata,Q5209856,Q11592622,Q41040535,
wikidata,Q529792,Q11426795,Q232595,
wikidata,Q5349200,Q11503151,Q327591,
wikidata,Q5371065,Q11593326,Q327591,
wikidata,Q548239,Q7398896,Q327591,
wikidata,Q5508556,Q10343578,Q232595,
wikidata,Q5517695,Q7081866,Q232595,
wikidata,Q5530859,Q11672488,Q232595,
wikidata,Q5637084,Q11589215,Q232595,
wikidata,Q5639959,Q11535297,Q232595,
wikidata,Q5639964,Q11672489,Q327591,
wikidata,Q5680924,Q11525655,Q232595,
wikidata,Q5752395,Q11426800,Q232595,
wikidata,Q5752415,Q4696552,Q232595,
wikidata,Q57647,Q5095299,Q327591,
wikidata,Q5770152,Q11589225,Q41040535,
wikidata,Q5770251,Q11406383,Q232595,
wikidata,Q5770815,Q11484886,Q232595,
wikidata,Q5770884,Q5983712,Q232595,
wikidata,Q5770910,Q11676837,Q41532587,
wikidata,Q5771003,Q11384769,Q41040535,
wikidata,Q5772420,Q11564693,Q41040535,
wikidata,Q58213,Q5507720,Q327591,
wikidata,Q582685,Q4696554,Q41532587,
wikidata,Q5986289,Q11654371,Q232595,
wikidata,Q6088170,Q11564691,Q41040535,
wikidata,Q6094931,Q11454477,Q41040535,
wikidata,Q6102348,Q11593333,Q41040535,
wikidata,Q6140382,Q11592625,Q41040535,
wikidata,Q6142027,Q11663241,Q41040535,
wikidata,Q614464,Q11441205,Q232595,
wikidata,Q6144675,Q11525658,Q354239,
wikidata,Q614476,Q10343462,Q232595,
wikidata,Q6203082,Q11589209,Q232595,
wikidata,Q6311513,Q6360246,Q232595,
wikidata,Q6314413,Q11667404,Q41040535,
wikidata,Q6360573,Q11406380,Q41040535,
wikidata,Q6378065,Q11525654,Q232595,
wikidata,Q6378155,Q11472354,Q232595,
wikidata,Q6381578,Q11406388,Q41040535,
wikidata,Q6381615,Q6360240,Q232595,
wikidata,Q6381645,Q11441207,Q1061354,
wikidata,Q6381788,Q11393148,Q1061354,
wikidata,Q6381814,Q11426801,Q232595,
wikidata,Q6383646,Q11375290,Q641600,
wikidata,Q6383690,Q11617509,Q232595,
wikidata,Q6383814,Q11375291,Q41040535,
wikidata,Q6383909,Q11589224,Q232595,
wikidata,Q6383911,Q11472351,Q41040535,
wikidata,Q6389276,Q11564691,Q232595,
wikidata,Q6389323,Q11589223,Q327591,
wikidata,Q6389383,Q11102988,Q232595,
wikidata,Q6389412,Q9498886,Q41040535,
wikidata,Q6391984,Q6452106,Q41040535,
wikidata,Q6416606,Q11617509,Q327591,
wikidata,Q6419134,Q11445241,Q41040535,
wikidata,Q6426211,Q11525660,Q232595,
wikidata,Q6426239,Q11426793,Q41040535,
wikidata,Q6426240,Q11393154,Q232595,
wikidata,Q6426244,Q11493674,Q232595,
wikidata,Q6426248,Q11393156,Q21499745,
wikidata,Q6426455,Q11484890,Q41040535,
wikidata,Q6433881,Q11469742,Q327591,
wikidata,Q6435116,Q11535300,Q232595,
wikidata,Q6435368,Q11592612,Q232595,
wikidata,Q653000,Q11494346,Q41532587,
wikidata,Q661410,Q6360245,Q232595,
wikidata,Q6739516,Q11503156,Q327591,
wikidata,Q6746574,Q11589221,Q232595,
wikidata,Q6782264,Q10343531,Q232595,
wikidata,Q6782350,Q11426805,Q232595,
wikidata,Q6782391,Q11393146,Q232595,
wikidata,Q6782686,Q7813807,Q232595,
wikidata,Q6782738,Q11417484,Q232595,
wikidata,Q6782819,Q7813763,Q232595,
wikidata,Q6837954,Q7081866,Q41040535,
wikidata,Q6842917,Q11525651,Q232595,
wikidata,Q6864590,Q11102988,Q41040535,
wikidata,Q6869306,Q11484891,Q232595,
wikidata,Q6882969,Q11654364,Q41040535,
wikidata,Q6883317,Q11494354,Q41040535,
wikidata,Q704345,Q11393145,Q232595,
wikidata,Q7046134,Q11406387,Q41040535,
wikidata,Q7051315,Q11357847,Q232595,
wikidata,Q729599,Q11375290,Q232595,
wikidata,Q730991,Q11525650,Q232595,
wikidata,Q732087,Q11426800,Q41532587,
wikidata,Q7385287,Q11441223,Q835109,
wikidata,Q7385320,Q11674598,Q232595,
wikidata,Q7385322,Q11426792,Q232595,
wikidata,Q7385342,Q11592613,Q232595,
wikidata,Q7426418,Q11426792,Q41040535,
wikidata,Q7426422,Q11393146,Q21499745,
wikidata,Q7446686,Q11652769,Q232595,
wikidata,Q7446719,Q11493670,Q232595,
wikidata,Q7446737,Q9498966,Q327591,
wikidata,Q7446761,Q11552835,Q641600,
wikidata,Q7477634,Q4356088,Q232595,
wikidata,Q7496342,Q11441213,Q1061354,
wikidata,Q7496422,Q11654368,Q232595,
wikidata,Q7497524,Q11494338,Q41040535,
wikidata,Q7497583,Q10971927,Q232595,
wikidata,Q7497782,Q11453779,Q232595,
wikidata,Q7504421,Q11663244,Q41040535,
wikidata,Q7504756,Q11503158,Q232595,
wikidata,Q7504802,Q11432906,Q41040535,
wikidata,Q7505080,Q11489990,Q232595,
wikidata,Q7505129,Q11654364,Q232595,
wikidata,Q7674280,Q11494353,Q232595,
wikidata,Q7676160,Q11426786,Q232595,
wikidata,Q7677066,Q11403009,Q41532587,
wikidata,Q7677156,Q9498886,Q232595,
wikidata,Q7677226,Q7813818,Q232595,
wikidata,Q7677320,Q11609702,Q41040535,
wikidata,Q7677354,Q10959517,Q41040535,
wikidata,Q7677366,Q11441222,Q232595,
wikidata,Q7677369,Q11654363,Q327591,
wikidata,Q7677383,Q11441204,Q21499745,
wikidata,Q7678527,Q11454479,Q232595,
wikidata,Q7678536,Q11426804,Q232595,
wikidata,Q7678622,Q11667404,Q232595,
wikidata,Q7706881,Q11494336,Q232595,
wikidata,Q7706925,Q11568329,Q232595,
wikidata,Q7827620,Q8047616,Q232595,
wikidata,Q7827692,Q11472353,Q327591,
wikidata,Q784087,Q11494353,Q327591,
wikidata,Q7850039,Q11525652,Q232595,
wikidata,Q7850337,Q6958596,Q232595,
wikidata,Q7850389,Q11591499,Q232595,
wikidata,Q7862709,Q11453772,Q232595,
wikidata,Q8046971,Q251994,Q232595,
wikidata,Q8049965,Q11441214,Q232595,
wikidata,Q8049977,Q11617504,Q232595,
wikidata,Q8049988,Q6346640,Q232595,
wikidata,Q8050022,Q11426803,Q41040535,
wikidata,Q8050092,Q11568330,Q232595,
wikidata,Q8050121,Q11393158,Q232595,
wikidata,Q8054534,Q11471575,Q232595,
wikidata,Q8055323,Q11568324,Q41040535,
wikidata,Q8055326,Q7813822,Q327591,
wikidata,Q8055970,Q11592622,Q232595,
wikidata,Q8056061,Q11393149,Q232595,
wikidata,Q8056070,Q11454481,Q232595,
wikidata,Q8056240,Q11494348,Q41040535,
wikidata,Q8056243,Q11663242,Q232595,
wikidata,Q8056290,Q11406388,Q232595,
wikidata,Q8056299,Q11593326,Q232595,
wikidata,Q8060529,Q11672489,Q232595,
wikidata,Q8060577,Q11441202,Q232595,
wikidata,Q806947,Q7813806,Q41532587,
wikidata,Q9067667,Q11441212,Q232595,
wikidata,Q923428,Q7105539,Q21499745,
wikidata,Q926370,Q11406376,Q232595,
wikidata,Q935199,Q11663246,Q232595,
wikidata,Q978256,Q10971927,Q41040535,
wikidata,Q992930,Q7813822,Q232595,
